date, pm25, pm10, o3, no2, so2, co
2025/11/1, 162, 78, 45, 16, 4, 5
2025/11/2, 140, 11, 32, 9, 4, 1
2025/11/3, 29, 23, 28, 15, 3, 1
2025/11/4, 36, 30, 28, 18, 3, 1
2025/11/5, 52, 35, 45, 12, 4, 1
2025/11/6, 54, 28, 28, 19, 3, 1
2025/11/7, 58, 31, 14, 15, 3, 4
2025/11/8, 83, 21, 33, 7, 3, 3
2025/11/9, 60, 34, 34, 7, 3, 2
2025/11/10, 67, 19, 30, 6, 3, 1
2025/11/11, 21, 28, 28, 8, 4, 1
2025/11/12, 39, 28, 36, 10, 4, 1
2025/11/13, 41, 51, 39, 16, 4, 3
2025/11/14, 108, 47, 39, 22, 4, 4
2025/11/15, 83, 35, 35, 14, 4, 5
2025/11/16, 61, 27, 25, 9, 4, 5
2025/11/17, 56, 30, 21, 10, 5, 7
2025/11/18, 62, , , , , 
2025/10/1, 72, 18, 48, 3, 3, 7
2025/10/2, 54, 38, 35, 12, 3, 10
2025/10/3, 85, 21, 38, 8, 4, 7
2025/10/4, 62, 17, 39, 5, 3, 6
2025/10/5, 50, 23, 57, 8, 3, 7
2025/10/6, 55, 25, 38, 6, 3, 8
2025/10/7, 62, 16, 36, 7, 3, 8
2025/10/8, 41, 24, 40, 7, 3, 7
2025/10/9, 42, 26, 39, 4, 3, 7
2025/10/10, 46, 27, 53, 5, 3, 5
2025/10/11, 53, 35, 56, 6, 3, 5
2025/10/12, 78, 48, 46, 11, 3, 7
2025/10/13, 104, 52, 23, 14, 3, 14
2025/10/14, 105, 23, 59, 8, 3, 8
2025/10/15, 63, 21, 35, 7, 3, 9
2025/10/16, 53, 18, 40, 6, 4, 5
2025/10/17, 33, 20, 31, 6, 3, 2
2025/10/18, 65, 21, 34, 4, 3, 
2025/10/19, 33, 26, 32, 4, 3, 2
2025/10/20, 42, 24, 32, 4, 3, 2
2025/10/21, 31, 22, 35, 4, 3, 2
2025/10/22, 34, 25, 37, 7, 3, 2
2025/10/23, 35, 28, 39, 7, 3, 3
2025/10/24, 35, 29, 43, 5, 3, 3
2025/10/25, 45, 35, 34, 12, 3, 5
2025/10/26, 66, 29, 35, 7, 3, 3
2025/10/27, 75, 20, 39, 7, 3, 2
2025/10/28, 32, 22, 38, 11, 4, 3
2025/10/29, 30, 25, 31, 18, 3, 3
2025/10/30, 40, 22, 32, 15, 3, 2
2025/10/31, 37, 73, 47, 24, 3, 6
2025/7/1, 39, 26, 39, 8, 4, 4
2025/7/2, 41, 26, 47, 6, 4, 5
2025/7/3, 51, 26, 53, 5, 4, 6
2025/7/4, 47, 22, 49, 5, 4, 6
2025/7/5, 46, 18, 49, 5, 4, 5
2025/7/6, 32, 14, 22, 3, 4, 4
2025/7/7, 21, 21, 20, 4, 4, 6
2025/7/8, 27, 18, 22, 5, 4, 6
2025/7/9, 31, 36, 20, 4, 5, 6
2025/7/10, 78, 17, 21, 3, 4, 6
2025/7/11, 43, 11, 21, 2, 4, 6
2025/7/12, 22, 15, 26, 5, 4, 4
2025/7/13, 36, 33, 84, 8, 4, 5
2025/7/14, 77, 38, 99, 12, 4, 5
2025/7/15, 77, 43, 78, 7, 4, 4
2025/7/16, 83, 35, 67, 7, 4, 5
2025/7/17, 77, 26, 47, 7, 4, 5
2025/7/18, 56, 15, 16, 2, 4, 4
2025/7/19, 25, 21, 14, 1, , 4
2025/7/20, 30, 19, 16, 1, 4, 4
2025/7/21, 27, 20, 13, 1, 4, 4
2025/7/22, 26, 18, 14, 1, 4, 4
2025/7/23, 30, 22, 21, 3, 5, 3
2025/7/24, 49, 25, 21, 2, 5, 5
2025/7/25, 44, 17, 15, 3, 4, 5
2025/7/26, 26, 16, 19, 1, 4, 4
2025/7/27, 33, 22, 12, 3, 4, 4
2025/7/28, 36, 18, 17, 1, 4, 5
2025/7/29, 34, 13, 21, 1, , 5
2025/7/30, 22, 31, 44, 2, 4, 6
2025/7/31, 59, 30, 42, 2, 4, 5
2025/8/1, 64, 30, 55, 5, 4, 5
2025/8/2, 67, 35, 67, 7, , 5
2025/8/3, 79, 32, 43, 7, 4, 5
2025/8/4, 74, 32, 51, 4, 4, 4
2025/8/5, 77, 23, 61, 7, 4, 4
2025/8/6, 62, 32, 63, 11, 4, 4
2025/8/7, 70, 38, 63, 8, 4, 4
2025/8/8, 79, 41, 68, 9, 5, 4
2025/8/9, 93, 39, 42, 11, 5, 4
2025/8/10, 87, 43, 70, 9, 5, 4
2025/8/11, 106, 32, 70, 10, 5, 4
2025/8/12, 74, 20, 27, 4, 5, 3
2025/8/13, 49, 17, 21, 3, 5, 3
2025/8/14, 46, 13, 20, 3, 5, 3
2025/8/15, 45, 26, 21, 3, 5, 5
2025/8/16, 61, 28, 27, 3, 5, 5
2025/8/17, 77, 12, 31, 3, 5, 4
2025/8/18, 50, 17, 38, 5, 5, 5
2025/8/19, 47, 24, 44, 5, 5, 6
2025/8/20, 62, 41, 89, 5, , 7
2025/8/21, 94, 32, 54, 6, 5, 7
2025/8/22, 79, 32, 81, 6, 5, 7
2025/8/23, 79, 25, 58, 7, 5, 3
2025/8/24, 40, 24, 49, 8, 5, 1
2025/8/25, 28, 32, 71, 10, 5, 2
2025/8/26, 46, 15, 31, 6, 5, 1
2025/8/27, 19, 14, 36, 4, 5, 1
2025/8/28, 25, 10, 34, 4, 5, 3
2025/8/29, 17, 21, 29, 3, 5, 2
2025/8/30, 22, 25, 42, 7, 5, 1
2025/8/31, 39, 31, 63, 11, 5, 2
2025/9/1, 62, 23, 39, 8, 5, 2
2025/9/2, 47, 16, 38, 8, 5, 3
2025/9/3, 41, 18, 37, 7, 5, 3
2025/9/4, 43, 19, 64, 6, 5, 4
2025/9/5, 47, 21, 55, 7, 3, 4
2025/9/6, 38, 35, 53, 12, 2, 5
2025/9/7, 64, 17, 51, 9, 2, 5
2025/9/8, 36, 24, 36, 13, 2, 6
2025/9/9, 40, 26, 50, 6, 2, 6
2025/9/10, 31, 30, 58, 5, 3, 6
2025/9/11, 46, 30, 67, 7, 2, 7
2025/9/12, 59, 33, 54, 11, 3, 8
2025/9/13, 61, 24, 54, 8, 2, 6
2025/9/14, 71, 24, 58, 9, 3, 5
2025/9/15, 63, 20, 47, 7, 3, 5
2025/9/16, 37, 23, 36, 9, 3, 4
2025/9/17, 38, 19, 42, 3, 3, 5
2025/9/18, 18, 16, 40, 5, 3, 5
2025/9/19, 21, 18, 43, 8, 3, 7
2025/9/20, 29, 21, 42, 3, 3, 5
2025/9/21, 37, 18, 42, 4, 3, 6
2025/9/22, 31, 21, 31, 5, 3, 6
2025/9/23, 34, 26, 14, 5, , 6
2025/9/24, 20, 18, 26, 5, 3, 5
2025/9/25, 21, 16, 27, 6, 3, 6
2025/9/26, 27, 24, 36, 7, 3, 7
2025/9/27, 54, 27, 48, 9, 3, 5
2025/9/28, 66, 14, 43, 6, 3, 7
2025/9/29, 40, 25, 36, 12, 3, 7
2025/9/30, 57, 25, 57, 8, 3, 7
2025/4/1, 83, 57, 70, 20, 3, 6
2025/4/2, 122, 38, 43, 10, 3, 4
2025/4/3, 98, 29, 46, 10, 3, 4
2025/4/4, 71, 48, 58, 16, 4, 5
2025/4/5, 104, 51, 53, 16, 3, 7
2025/4/6, 134, 49, 82, 11, 3, 6
2025/4/7, 116, 64, 88, 13, 4, 5
2025/4/8, 111, 63, 99, 18, 4, 6
2025/4/9, 142, 60, 53, 19, 4, 6
2025/4/10, 142, 42, 52, 12, 3, 6
2025/4/11, 112, 67, 39, 7, 3, 5
2025/4/12, 76, 94, 44, 7, 3, 3
2025/4/13, 85, 101, 49, 9, 4, 4
2025/4/14, 85, 82, 70, 14, 4, 5
2025/4/15, 73, 56, 81, 14, 4, 6
2025/4/16, 81, 60, 61, 14, 4, 8
2025/4/17, 89, 52, 70, 14, 3, 8
2025/4/18, 93, 41, 40, 6, 3, 8
2025/4/19, 68, 34, 54, 6, 3, 7
2025/4/20, 81, 26, 40, 5, 3, 5
2025/4/21, 73, 45, 40, 10, 3, 7
2025/4/22, 122, 49, 82, 15, 4, 8
2025/4/23, 124, 69, 82, 18, 4, 7
2025/4/24, 153, 43, 48, 7, 3, 4
2025/4/25, 71, 32, 43, 10, 3, 3
2025/4/26, 60, 30, 36, 9, 3, 3
2025/4/27, 58, 30, 40, 10, 3, 4
2025/4/28, 80, 36, 56, 14, 3, 3
2025/4/29, 81, 32, 64, 8, 4, 4
2025/4/30, 60, 53, 62, 7, 3, 6
2025/5/1, 90, 44, 76, 6, 4, 5
2025/5/2, 101, 48, 54, 3, 3, 5
2025/5/3, 76, 20, 46, 3, 3, 4
2025/5/4, 40, 24, 37, 6, 3, 6
2025/5/5, 66, 60, 69, 7, 3, 8
2025/5/6, 135, 49, 56, 4, 3, 5
2025/5/7, 78, 45, 49, 2, 3, 6
2025/5/8, 76, 18, 44, 5, 3, 7
2025/5/9, 61, 43, 56, 11, 3, 7
2025/5/10, 95, 34, 72, 8, 3, 6
2025/5/11, 84, 43, 89, 12, 4, 6
2025/5/12, 96, 36, 86, 8, 3, 6
2025/5/13, 74, 28, 78, 8, 3, 7
2025/5/14, 59, 35, 66, 12, 3, 7
2025/5/15, 64, 32, 33, 12, 3, 9
2025/5/16, 84, 53, 77, 12, 3, 9
2025/5/17, 137, 48, 46, 4, 3, 6
2025/5/18, 81, 34, 62, 4, 3, 5
2025/5/19, 78, 31, 33, 6, 3, 6
2025/5/20, 86, 25, 37, 8, 3, 6
2025/5/21, 75, 22, 43, 5, 3, 6
2025/5/22, 66, 7, 38, 2, , 5
2025/5/23, 25, 33, 60, 8, 4, 6
2025/5/24, 79, 43, 67, 14, 5, 6
2025/5/25, 96, 31, 52, 8, 4, 3
2025/5/26, 80, 26, 60, 5, , 3
2025/5/27, 66, 28, 57, 5, 4, 3
2025/5/28, 60, 31, 45, 7, 4, 4
2025/5/29, 75, 52, 88, 10, 4, 4
2025/5/30, 128, 41, 75, 5, 4, 5
2025/5/31, 112, 15, 67, 1, 3, 4
2025/6/1, 45, 10, 41, 5, 3, 5
2025/6/2, 35, 28, 69, 8, 4, 5
2025/6/3, 66, 48, 105, 13, 4, 6
2025/6/4, 123, 34, 99, 17, 4, 5
2025/6/5, 69, 43, 69, 7, 4, 4
2025/6/6, 65, 31, 22, 8, 3, 5
2025/6/7, 67, 10, 39, 7, 3, 5
2025/6/8, 33, 12, 31, 4, 3, 6
2025/6/9, 36, 12, 31, 4, 3, 5
2025/6/10, 37, 29, 36, 5, , 5
2025/6/11, 87, 9, 42, 4, 4, 6
2025/6/12, 31, 8, 13, 4, 3, 6
2025/6/13, 23, 30, 59, 8, , 7
2025/6/14, 83, 11, 18, 6, 3, 4
2025/6/15, 31, 18, 73, 8, 4, 4
2025/6/16, 45, 49, 109, 11, 4, 4
2025/6/17, 85, 42, 54, 11, 4, 3
2025/6/18, 78, 34, 61, 12, 4, 3
2025/6/19, 69, 21, 45, 8, 4, 3
2025/6/20, 48, 23, 42, 9, 4, 4
2025/6/21, 55, 9, 38, 4, 4, 3
2025/6/22, 25, 11, 34, 5, 4, 4
2025/6/23, 29, 24, 40, 8, 4, 6
2025/6/24, 54, 31, 53, 8, 4, 7
2025/6/25, 72, 40, 78, 4, 4, 6
2025/6/26, 96, 32, 91, 9, 4, 6
2025/6/27, 108, 34, 88, 7, 4, 6
2025/6/28, 72, 21, 59, 9, 4, 4
2025/6/29, 57, 14, 32, 8, 4, 3
2025/6/30, 32, 23, 37, 8, 4, 3
2025/1/1, 76, 33, 39, 19, 4, 4
2025/1/2, 57, 48, 37, 21, 4, 5
2025/1/3, 84, 32, 36, 13, 4, 4
2025/1/4, 62, 59, 31, 23, 4, 7
2025/1/5, 115, 79, 30, 23, 5, 8
2025/1/6, 149, 58, 18, 23, 5, 8
2025/1/7, 119, 65, 24, 29, 5, 9
2025/1/8, 140, 36, 27, 11, 4, 5
2025/1/9, 58, 36, 26, 16, 3, 5
2025/1/10, 50, 52, 18, 28, 4, 8
2025/1/11, 96, 66, 27, 24, 4, 9
2025/1/12, 133, 75, 45, 29, 4, 9
2025/1/13, 156, 73, 40, 31, 4, 9
2025/1/14, 147, 41, 25, 12, 3, 7
2025/1/15, 65, 54, 17, 28, 4, 9
2025/1/16, 93, 76, 22, 33, 5, 10
2025/1/17, 147, 61, 41, 24, 4, 5
2025/1/18, 136, 69, 32, 32, 3, 5
2025/1/19, 159, 98, 44, 39, 4, 8
2025/1/20, 178, 69, 49, 27, 4, 6
2025/1/21, 154, 20, 40, 10, 2, 3
2025/1/22, 60, 27, 36, 14, 2, 4
2025/1/23, 65, 29, 41, 11, 2, 5
2025/1/24, 70, 29, 32, 11, 2, 4
2025/1/25, 56, 33, 35, 12, 2, 6
2025/1/26, 80, 48, 33, 6, 3, 8
2025/1/27, 112, 52, 36, 8, 5, 7
2025/1/28, 93, 86, 37, 11, 6, 9
2025/1/29, 162, 36, 42, 6, 3, 7
2025/1/30, 73, 26, 29, 11, 2, 5
2025/1/31, 64, 18, 32, 7, 2, 6
2025/2/1, 55, 47, 33, 7, 2, 6
2025/2/2, 83, 50, 33, 7, 2, 8
2025/2/3, 115, 43, 37, 10, 3, 7
2025/2/4, 99, 45, 38, 11, 3, 6
2025/2/5, 108, 34, 32, 13, 4, 5
2025/2/6, 70, 46, 28, 10, 3, 5
2025/2/7, 74, 32, 28, 8, 4, 5
2025/2/8, 57, 34, 31, 12, 4, 6
2025/2/9, 76, 42, 37, 12, 4, 7
2025/2/10, 95, 18, 33, 7, 2, 6
2025/2/11, 51, 51, 34, 13, 3, 8
2025/2/12, 124, 28, 34, 12, 3, 6
2025/2/13, 66, 27, 30, 12, 3, 5
2025/2/14, 52, 35, 24, 21, 2, 6
2025/2/15, 92, 70, 43, 20, 3, 10
2025/2/16, 163, 44, 35, 11, 3, 6
2025/2/17, 87, 32, 39, 13, 3, 5
2025/2/18, 63, 39, 39, 12, 3, 5
2025/2/19, 79, 21, 36, 7, 3, 5
2025/2/20, 50, 29, 41, 8, 3, 5
2025/2/21, 55, 49, 45, 11, 3, 6
2025/2/22, 104, 36, 35, 10, 3, 6
2025/2/23, 96, 51, 43, 19, 3, 8
2025/2/24, 121, 58, 35, 20, 3, 8
2025/2/25, 114, 92, 38, 28, 4, 12
2025/2/26, 178, 68, 39, 19, 3, 8
2025/2/27, 158, 23, 38, 15, 3, 6
2025/2/28, 71, 26, 56, 11, 3, 6
2025/3/1, 76, 44, 59, 18, 3, 7
2025/3/2, 96, 21, 32, 11, 2, 8
2025/3/3, 57, 14, 26, 11, , 6
2025/3/4, 44, 14, 35, 10, 3, 5
2025/3/5, 40, 32, 42, 9, 3, 5
2025/3/6, 61, 38, 44, 11, 3, 4
2025/3/7, 82, 46, 45, 17, 3, 6
2025/3/8, 98, 28, 43, 10, 3, 5
2025/3/9, 67, 25, 29, 13, 3, 5
2025/3/10, 65, 25, 30, 11, 3, 5
2025/3/11, 70, 16, 28, 13, 3, 6
2025/3/12, 55, 28, 34, 10, 3, 6
2025/3/13, 58, 35, 35, 10, 3, 5
2025/3/14, 49, 18, 35, 9, 3, 5
2025/3/15, 34, 40, 34, 11, 3, 6
2025/3/16, 83, 43, 36, 17, 3, 7
2025/3/17, 90, 40, 40, 11, 3, 6
2025/3/18, 69, 35, 39, 16, 3, 7
2025/3/19, 58, 52, 63, 24, 4, 7
2025/3/20, 97, 52, 65, 24, 4, 7
2025/3/21, 116, 59, 71, 22, 4, 5
2025/3/22, 117, 62, 83, 19, 4, 7
2025/3/23, 128, 56, 81, 15, 3, 7
2025/3/24, 106, 67, 101, 27, 4, 8
2025/3/25, 126, 63, 96, 24, 4, 9
2025/3/26, 137, 52, 41, 12, 3, 8
2025/3/27, 105, 41, 32, 9, 3, 6
2025/3/28, 62, 60, 39, 10, 3, 6
2025/3/29, 94, 27, 40, 8, 3, 5
2025/3/30, 48, 37, 48, 10, 3, 5
2025/3/31, 62, 41, 57, 11, 3, 6
2024/10/1, 23, 23, 38, 6, 4, 5
2024/10/2, 31, 17, 40, 6, 4, 5
2024/10/3, 27, 21, 43, 5, 4, 5
2024/10/4, 30, 16, 38, 3, 4, 6
2024/10/5, 17, 8, 36, 7, 4, 6
2024/10/6, 18, 10, 42, 6, 4, 6
2024/10/7, 24, 30, 39, 10, 4, 8
2024/10/8, 83, 30, 43, 15, 4, 6
2024/10/9, 66, 49, 72, 23, 5, 8
2024/10/10, 99, 59, 73, 22, 4, 8
2024/10/11, 115, 36, 63, 9, 4, 7
2024/10/12, 96, 18, 50, 7, 4, 6
2024/10/13, 40, 29, 37, 9, 4, 7
2024/10/14, 50, 36, 40, 11, 4, 8
2024/10/15, 79, 17, 40, 9, 4, 7
2024/10/16, 55, 29, 43, 8, 4, 7
2024/10/17, 55, 30, 54, 12, 4, 7
2024/10/18, 51, 25, 34, 9, 4, 8
2024/10/19, 54, 30, 30, 11, 4, 7
2024/10/20, 39, 33, 24, 17, 4, 9
2024/10/21, 68, 42, 24, 13, 4, 11
2024/10/22, 95, 27, 36, 10, 5, 8
2024/10/23, 80, 21, 39, 6, , 5
2024/10/24, 41, 28, 43, 5, 4, 5
2024/10/25, 38, 9, 28, 6, 4, 5
2024/10/26, 21, 13, 34, 10, 4, 5
2024/10/27, 38, 37, 38, 11, 4, 6
2024/10/28, 94, 18, 39, 15, 4, 4
2024/10/29, 44, 25, 41, 7, 4, 4
2024/10/30, 51, 20, 36, 6, 5, 5
2024/10/31, 39, 8, 38, 3, 4, 5
2024/11/1, 15, 43, 43, 12, 4, 7
2024/11/2, 87, 50, 41, 15, 4, 8
2024/11/3, 125, 43, 54, 14, 4, 7
2024/11/4, 107, 20, 34, 7, 4, 4
2024/11/5, 39, 23, 35, 11, 4, 4
2024/11/6, 34, 26, 31, 10, 4, 4
2024/11/7, 29, 26, 39, 9, 4, 4
2024/11/8, 36, 27, 35, 8, 4, 5
2024/11/9, 38, 21, 29, 12, 4, 5
2024/11/10, 47, 29, 41, 14, 4, 5
2024/11/11, 71, 42, 46, 19, 4, 5
2024/11/12, 84, 41, 47, 12, 4, 6
2024/11/13, 104, 25, 32, 9, 4, 6
2024/11/14, 71, 23, 21, 12, 3, 7
2024/11/15, 70, 24, 34, 9, 2, 6
2024/11/16, 76, 17, 31, 6, 2, 5
2024/11/17, 42, 23, 31, 4, 3, 4
2024/11/18, 27, 23, 31, 8, , 4
2024/11/19, 25, 32, 24, 17, 3, 4
2024/11/20, 47, 48, 25, 20, 3, 6
2024/11/21, 99, 49, 40, 17, 3, 6
2024/11/22, 126, 18, 32, 12, 3, 4
2024/11/23, 35, 30, 32, 12, 3, 4
2024/11/24, 40, 26, 25, 11, 3, 5
2024/11/25, 56, 32, 24, 10, 3, 6
2024/11/26, 76, 53, 28, 13, 3, 5
2024/11/27, 67, 66, 28, 14, 4, 5
2024/11/28, 63, 52, 24, 18, 4, 5
2024/11/29, 66, 62, 26, 30, 5, 5
2024/11/30, 115, 59, 41, 28, 4, 5
2024/12/1, 108, 64, 26, 36, 4, 6
2024/12/2, 145, 52, 38, 15, 3, 6
2024/12/3, 123, 26, 33, 10, 3, 4
2024/12/4, 57, 41, 29, 20, 3, 6
2024/12/5, 90, 87, 25, 27, 4, 9
2024/12/6, 167, 77, 40, 19, 4, 7
2024/12/7, 162, 23, 29, 12, 3, 4
2024/12/8, 56, 33, 30, 17, 3, 4
2024/12/9, 59, 30, 28, 14, 3, 4
2024/12/10, 62, 28, 31, 16, 4, 6
2024/12/11, 83, 29, 30, 15, 3, 8
2024/12/12, 83, 44, 22, 17, 4, 8
2024/12/13, 86, 52, 23, 18, 4, 8
2024/12/14, 123, 58, 25, 25, 4, 8
2024/12/15, 115, 66, 24, 31, 4, 8
2024/12/16, 130, 72, 30, 34, 5, 9
2024/12/17, 146, 47, 27, 22, 3, 8
2024/12/18, 106, 32, 17, 17, 3, 8
2024/12/19, 67, 51, 21, 25, 4, 9
2024/12/20, 91, 71, 26, 23, 4, 8
2024/12/21, 139, 43, 21, 15, 4, 4
2024/12/22, 92, 28, 30, 11, 4, 3
2024/12/23, 60, 42, 33, 15, 4, 3
2024/12/24, 78, 47, 21, 27, 4, 3
2024/12/25, 93, 74, 40, 22, 5, 6
2024/12/26, 167, 37, 32, 18, 3, 4
2024/12/27, 71, 59, 21, 22, 5, 7
2024/12/28, 105, 65, 28, 23, 5, 7
2024/12/29, 127, , , , , 
2024/7/1, 71, 27, 50, 9, 3, 4
2024/7/2, 63, 26, 66, 9, 5, 4
2024/7/3, 57, 34, 90, 12, 3, 4
2024/7/4, 74, 42, 5, 24, 3, 5
2024/7/5, 77, 30, 79, 8, 3, 4
2024/7/6, 65, 37, 90, 11, 3, 5
2024/7/7, 81, 33, 89, 9, 3, 4
2024/7/8, 71, 35, 71, 12, 3, 4
2024/7/9, 72, 39, 37, 13, 3, 6
2024/7/10, 79, 23, 47, 11, 3, 5
2024/7/11, 54, 19, 32, 10, 3, 5
2024/7/12, 64, 46, 31, 14, 3, 6
2024/7/13, 124, 45, 53, 13, 3, 6
2024/7/14, 120, 40, 42, 12, 3, 5
2024/7/15, 108, 14, 38, 7, 3, 4
2024/7/16, 46, 24, 55, 7, 3, 4
2024/7/17, 48, 33, 70, 11, , 5
2024/7/18, 70, 34, 99, 12, 4, 5
2024/7/19, 77, 24, 57, 9, 4, 5
2024/7/20, 59, 28, 63, 9, 3, 4
2024/7/21, 68, 20, 43, 8, 4, 2
2024/7/22, 48, 20, 34, 6, 4, 2
2024/7/23, 47, 22, 17, 5, 3, 2
2024/7/24, 50, 23, 22, 4, 3, 2
2024/7/25, 50, 30, 21, 2, 3, 4
2024/7/26, 49, 23, 17, 2, 3, 5
2024/7/27, 42, 22, 28, 4, 3, 4
2024/7/28, 42, 18, 35, 5, 3, 4
2024/7/29, 27, 19, 33, 5, , 4
2024/7/30, 33, 24, 59, 7, 3, 5
2024/7/31, 50, 31, 65, 9, 3, 6
2024/8/1, 66, 42, 122, 13, 3, 8
2024/8/2, 91, 44, 76, 7, , 7
2024/8/3, 114, 33, 48, 5, 3, 6
2024/8/4, 77, 25, 46, 5, 3, 6
2024/8/5, 64, 29, 39, 4, 3, 5
2024/8/6, 68, 28, 39, 5, 3, 6
2024/8/7, 70, 31, 59, 7, 3, 5
2024/8/8, 66, 28, 56, 7, 3, 4
2024/8/9, 58, 34, 68, 7, 3, 4
2024/8/10, 64, 39, 83, 6, 3, 5
2024/8/11, 77, 48, 89, 8, , 7
2024/8/12, 110, 37, 48, 4, , 5
2024/8/13, 87, 19, 42, 6, 4, 4
2024/8/14, 41, 26, 37, 4, 4, 4
2024/8/15, 56, 29, 32, 7, 4, 5
2024/8/16, 70, 23, 34, 5, 3, 4
2024/8/17, 58, 16, 27, 3, 3, 4
2024/8/18, 39, 18, 23, 4, 3, 4
2024/8/19, 42, 23, 61, 5, 3, 5
2024/8/20, 59, 18, 42, 5, 3, 5
2024/8/21, 38, 31, 84, 8, 4, 6
2024/8/22, 77, 29, 69, 7, 4, 5
2024/8/23, 63, 26, 47, 3, 3, 4
2024/8/24, 74, 22, 40, 4, 3, 4
2024/8/25, 55, 18, 36, 4, 3, 3
2024/8/26, 49, 33, 52, 12, 3, 5
2024/8/27, 69, 20, 32, 7, 3, 5
2024/8/28, 62, 14, 36, 3, 3, 4
2024/8/29, 38, 26, 39, 8, 3, 5
2024/8/30, 56, 29, 58, 6, 3, 4
2024/8/31, 57, 30, 63, 5, 4, 4
2024/9/1, 66, 33, 54, 6, 4, 4
2024/9/2, 78, 23, 31, 6, 3, 4
2024/9/3, 68, 19, 39, 3, , 4
2024/9/4, 62, 17, 34, 4, 4, 4
2024/9/5, 51, 37, 30, 4, 4, 4
2024/9/6, 85, 41, 27, 6, 5, 4
2024/9/7, 98, 23, 26, 5, 4, 4
2024/9/8, 60, 21, 23, 6, 5, 4
2024/9/9, 53, 24, 31, 4, 4, 4
2024/9/10, 59, 12, 24, 3, , 4
2024/9/11, 23, 19, 36, 4, 4, 4
2024/9/12, 44, 17, 22, 4, 4, 4
2024/9/13, 21, 15, 20, 5, 4, 4
2024/9/14, 35, 20, 30, 2, 4, 4
2024/9/15, 39, 13, 26, 1, 3, 5
2024/9/16, 24, 12, 20, 3, 3, 3
2024/9/17, 27, 14, 20, 5, , 5
2024/9/18, 39, 24, 15, 5, , 6
2024/9/19, 36, 12, 23, 7, 4, 7
2024/9/20, 28, 17, 31, 8, , 6
2024/9/21, 38, 27, 38, 8, 4, 5
2024/9/22, 42, 23, 39, 11, 4, 5
2024/9/23, 34, 17, 23, 14, 4, 6
2024/9/24, 34, 18, 25, 14, 4, 6
2024/9/25, 40, 16, 37, 13, 4, 6
2024/9/26, 42, 26, 59, 7, 4, 5
2024/9/27, 45, 33, 55, 5, 4, 6
2024/9/28, 57, 31, 38, 6, 4, 5
2024/9/29, 44, 29, 34, 6, 4, 6
2024/9/30, 61, 16, 37, 6, 4, 5
2024/4/1, 86, 22, 37, 12, 2, 6
2024/4/2, 67, 21, 39, 11, 2, 7
2024/4/3, 67, 35, 50, 12, 3, 5
2024/4/4, 84, 48, 59, 8, 3, 5
2024/4/5, 89, 36, 43, 9, 2, 6
2024/4/6, 92, 31, 46, 11, 2, 6
2024/4/7, 88, 26, 45, 13, 2, 6
2024/4/8, 80, 49, 66, 19, 3, 6
2024/4/9, 123, 49, 58, 8, , 6
2024/4/10, 114, 41, 34, 10, 3, 6
2024/4/11, 92, 26, 27, 13, 2, 5
2024/4/12, 79, 22, 35, 7, 2, 4
2024/4/13, 72, 15, 26, 8, 2, 4
2024/4/14, 53, 36, 44, 11, 2, 7
2024/4/15, 100, 27, 38, 10, 2, 6
2024/4/16, 82, 14, 42, 10, 2, 5
2024/4/17, 43, 65, 40, 16, 3, 5
2024/4/18, 86, 113, 42, 13, 3, 4
2024/4/19, 112, 38, 51, 10, 3, 8
2024/4/20, 75, 25, 37, 13, 3, 7
2024/4/21, 73, 19, 41, 7, 2, 7
2024/4/22, 61, 22, 43, 11, 2, 7
2024/4/23, 70, 41, 51, 18, 3, 6
2024/4/24, 86, 40, 43, 14, 3, 5
2024/4/25, 52, 26, 52, 6, 2, 5
2024/4/26, 47, 28, 41, 7, 2, 5
2024/4/27, 62, 15, 31, 10, 2, 5
2024/4/28, 47, 28, 35, 13, 2, 6
2024/4/29, 77, 28, 47, 8, 2, 4
2024/4/30, 77, 26, 47, 11, 2, 4
2024/5/1, 71, 36, 42, 13, 3, 4
2024/5/2, 63, 31, 52, 9, 3, 4
2024/5/3, 66, 23, 42, 6, 3, 4
2024/5/4, 69, 24, 30, 13, 2, 7
2024/5/5, 73, 49, 78, 15, 2, 8
2024/5/6, 125, 46, 67, 11, 3, 7
2024/5/7, 120, 31, 50, 11, 3, 9
2024/5/8, 89, 17, 43, 9, , 6
2024/5/9, 50, 27, 59, 8, 3, 5
2024/5/10, 45, 37, 37, 10, 2, 8
2024/5/11, 77, 59, 44, 14, 2, 6
2024/5/12, 92, 60, 50, 19, 3, 6
2024/5/13, 70, 38, 53, 15, 3, 6
2024/5/14, 62, 46, 56, 10, 3, 7
2024/5/15, 69, 35, 67, 17, 3, 5
2024/5/16, 56, 30, 69, 9, 3, 4
2024/5/17, 45, 30, 51, 6, 2, 5
2024/5/18, 50, 25, 38, 3, 2, 4
2024/5/19, 57, 19, 36, 3, 2, 4
2024/5/20, 46, 20, 39, 7, 4, 4
2024/5/21, 60, 30, 42, 8, 3, 4
2024/5/22, 77, 18, 41, 5, 2, 4
2024/5/23, 56, 14, 41, 3, 2, 4
2024/5/24, 42, 21, 39, 4, 2, 4
2024/5/25, 49, 25, 60, 7, 2, 5
2024/5/26, 58, 17, 43, 4, , 5
2024/5/27, 44, 18, 51, 8, 3, 3
2024/5/28, 40, 21, 51, 11, 3, 3
2024/5/29, 53, 27, 58, 5, 2, 4
2024/5/30, 50, 26, 39, 10, 2, 5
2024/5/31, 74, 40, 56, 11, 3, 5
2024/6/1, 113, 14, 51, 6, 3, 3
2024/6/2, 48, 29, 88, 16, 3, 3
2024/6/3, 71, 43, 87, 7, 3, 4
2024/6/4, 96, 20, 45, 6, 3, 3
2024/6/5, 52, 12, 54, 6, 3, 3
2024/6/6, 43, 19, 45, 9, 3, 4
2024/6/7, 56, 17, 45, 7, 3, 4
2024/6/8, 54, 29, 87, 13, 3, 5
2024/6/9, 84, 21, 50, 7, 3, 4
2024/6/10, 61, 9, 50, 4, , 4
2024/6/11, 32, 20, 35, 6, , 5
2024/6/12, 59, 31, 50, 5, 3, 5
2024/6/13, 93, 25, 51, 5, 3, 5
2024/6/14, 76, 21, 43, 5, 3, 5
2024/6/15, 63, 25, 47, 5, 5, 4
2024/6/16, 70, 16, 45, 5, 4, 4
2024/6/17, 55, 22, 53, 8, 3, 4
2024/6/18, 60, 13, 37, 7, 3, 4
2024/6/19, 37, 18, 29, 9, , 5
2024/6/20, 62, 29, 15, 16, 3, 6
2024/6/21, 85, 32, 41, 16, 3, 5
2024/6/22, 93, 20, 39, 9, 3, 4
2024/6/23, 60, 33, 25, 13, 3, 4
2024/6/24, 96, 27, 39, 12, 3, 3
2024/6/25, 82, 12, 38, 7, 3, 3
2024/6/26, 47, 10, 20, 11, , 3
2024/6/27, 39, 15, 27, 11, 3, 4
2024/6/28, 49, 21, 36, 9, 3, 4
2024/6/29, 65, 16, 19, 10, 3, 4
2024/6/30, 45, 27, 38, 16, 3, 4
2024/1/1, 122, 51, 34, 21, 4, 4
2024/1/2, 89, 75, 29, 25, 3, 9
2024/1/3, 155, 74, 36, 25, 3, 10
2024/1/4, 156, 71, 20, 32, 4, 8
2024/1/5, 151, 93, 36, 32, 3, 10
2024/1/6, 181, 50, 28, 19, 3, 7
2024/1/7, 118, 18, 21, 14, 2, 4
2024/1/8, 46, 61, 22, 29, 3, 8
2024/1/9, 125, 75, 17, 23, 3, 10
2024/1/10, 161, 84, 37, 31, 3, 8
2024/1/11, 148, 94, 27, 40, 4, 8
2024/1/12, 182, 97, 43, 33, 4, 10
2024/1/13, 182, 71, 49, 16, 2, 8
2024/1/14, 157, 23, 28, 9, 2, 6
2024/1/15, 59, 23, 32, 12, 2, 5
2024/1/16, 32, 36, 36, 20, 2, 6
2024/1/17, 51, 48, 8, 19, 2, 8
2024/1/18, 116, 35, 28, 11, 2, 4
2024/1/19, 93, 33, 9, 19, 2, 7
2024/1/20, 98, 36, 27, 11, 2, 5
2024/1/21, 103, 32, 25, 9, 3, 4
2024/1/22, 78, 33, 23, 12, 3, 5
2024/1/23, 73, 47, 19, 21, 4, 7
2024/1/24, 85, 57, 20, 27, 5, 8
2024/1/25, 114, 72, 21, 30, 5, 9
2024/1/26, 154, 84, 15, 35, 5, 11
2024/1/27, 168, 91, 27, 33, 5, 11
2024/1/28, 170, 79, 40, 20, 4, 9
2024/1/29, 163, 21, 29, 15, 3, 6
2024/1/30, 69, 11, 14, 16, 2, 5
2024/1/31, 37, 15, 34, 13, 2, 5
2024/2/1, 47, 21, 27, 9, 2, 4
2024/2/2, 43, 11, 27, 11, 2, 5
2024/2/3, 38, 21, 22, 16, 2, 7
2024/2/4, 54, 35, 25, 10, 2, 8
2024/2/5, 99, 49, 27, 13, 2, 8
2024/2/6, 132, 33, 36, 10, 2, 6
2024/2/7, 83, 47, 41, 11, 3, 8
2024/2/8, 112, 150, 55, 21, 4, 12
2024/2/9, 233, 169, 43, 17, 4, 10
2024/2/10, 249, 85, 44, 13, 4, 9
2024/2/11, 167, 79, 54, 10, 3, 7
2024/2/12, 147, 45, 46, 6, 3, 5
2024/2/13, 83, 44, 42, 10, 3, 5
2024/2/14, 101, 29, 35, 9, 2, 4
2024/2/15, 80, 17, 36, 6, 3, 3
2024/2/16, 40, 24, 38, 8, 3, 4
2024/2/17, 45, 27, 37, 8, 2, 5
2024/2/18, 55, 36, 22, 10, 3, 7
2024/2/19, 93, 21, 28, 6, 2, 5
2024/2/20, 53, 9, 22, 9, 2, 6
2024/2/21, 31, 17, 22, 8, 2, 7
2024/2/22, 56, 32, 21, 11, 2, 8
2024/2/23, 86, 37, 20, 14, 3, 10
2024/2/24, 103, 56, 32, 10, 3, 10
2024/2/25, 149, 46, 41, 9, 3, 9
2024/2/26, 107, 47, 39, 10, 3, 8
2024/2/27, 86, 24, 26, 15, 2, 7
2024/2/28, 67, 13, 38, 18, 2, 9
2024/2/29, 47, 34, 37, 6, 2, 4
2024/3/1, 68, 54, 42, 17, 3, 5
2024/3/2, 106, 58, 47, 15, 3, 5
2024/3/3, 130, 26, 37, 11, 2, 5
2024/3/4, 64, 28, 29, 19, 2, 9
2024/3/5, 84, 40, 36, 12, 3, 6
2024/3/6, 101, 39, 36, 15, 3, 4
2024/3/7, 73, 57, 43, 14, 3, 6
2024/3/8, 122, 65, 48, 16, 3, 6
2024/3/9, 155, 34, 43, 8, 2, 4
2024/3/10, 88, 40, 30, 18, 2, 6
2024/3/11, 95, 68, 44, 22, 3, 8
2024/3/12, 155, 43, 40, 16, 3, 6
2024/3/13, 100, 45, 23, 20, 3, 5
2024/3/14, 87, 25, 37, 17, 2, 3
2024/3/15, 59, 29, 34, 12, 2, 3
2024/3/16, 81, 49, 36, 11, 3, 3
2024/3/17, 86, 49, 39, 8, 2, 3
2024/3/18, 62, 71, 40, 15, 3, 4
2024/3/19, 110, 106, 42, 15, 3, 4
2024/3/20, 92, 61, 56, 13, 3, 3
2024/3/21, 82, 59, 62, 12, 3, 5
2024/3/22, 77, 65, 29, 24, 3, 6
2024/3/23, 118, 54, 31, 22, 3, 8
2024/3/24, 131, 41, 32, 16, 3, 8
2024/3/25, 114, 27, 39, 10, 3, 7
2024/3/26, 82, 22, 46, 9, , 5
2024/3/27, 71, 39, 28, 19, , 8
2024/3/28, 103, 45, 59, 18, 3, 7
2024/3/29, 120, 50, 58, 22, 3, 7
2024/3/30, 104, 42, 38, 13, 2, 7
2024/3/31, 98, 44, 53, 13, 2, 6
2023/10/1, 45, 23, 39, 4, 3, 5
2023/10/2, 27, 21, 41, 6, 4, 5
2023/10/3, 28, 19, 42, 5, 3, 5
2023/10/4, 28, 33, 36, 6, 3, 4
2023/10/5, 42, 25, 32, 3, 3, 3
2023/10/6, 25, 21, 37, 4, 3, 3
2023/10/7, 25, 17, 35, 7, 4, 3
2023/10/8, 30, 33, 36, 10, , 4
2023/10/9, 54, 44, 49, 11, 4, 5
2023/10/10, 88, 30, 43, 10, 3, 3
2023/10/11, 57, 28, 38, 14, 3, 4
2023/10/12, 50, 19, 35, 13, , 4
2023/10/13, 52, 49, 49, 22, 4, 7
2023/10/14, 127, 61, 62, 22, 4, 6
2023/10/15, 138, 69, 67, 21, 4, 8
2023/10/16, 147, 59, 56, 19, 4, 6
2023/10/17, 115, 48, 67, 12, 3, 4
2023/10/18, 77, 60, 71, 15, 3, 6
2023/10/19, 108, 22, 35, 12, 3, 4
2023/10/20, 52, 34, 30, 12, 4, 3
2023/10/21, 48, 36, 44, 10, 4, 4
2023/10/22, 59, 26, 42, 6, 3, 4
2023/10/23, 37, 34, 42, 9, 3, 4
2023/10/24, 47, 48, 43, 16, 4, 5
2023/10/25, 88, 38, 57, 15, 4, 5
2023/10/26, 63, 44, 49, 16, 3, 6
2023/10/27, 55, 35, 42, 10, 4, 5
2023/10/28, 47, 42, 52, 6, 4, 5
2023/10/29, 61, 41, 46, 7, 3, 5
2023/10/30, 58, 42, 53, 10, 3, 5
2023/10/31, 58, 37, 51, 11, 3, 5
2023/11/1, 62, 41, 52, 8, 3, 5
2023/11/2, 55, 48, 62, 11, 4, 6
2023/11/3, 77, 22, 27, 6, 3, 5
2023/11/4, 50, 24, 31, 5, 3, 5
2023/11/5, 30, 33, 25, 7, 4, 7
2023/11/6, 63, 50, 30, 13, 4, 6
2023/11/7, 74, 49, 33, 14, 4, 6
2023/11/8, 70, 52, 28, 18, 4, 7
2023/11/9, 92, 20, 33, 5, 4, 3
2023/11/10, 56, 24, 31, 3, , 3
2023/11/11, 33, 28, 25, 8, 4, 5
2023/11/12, 68, 29, 24, 15, 4, 4
2023/11/13, 68, 56, 20, 35, 5, 9
2023/11/14, 110, 82, 52, 36, 6, 10
2023/11/15, 165, 83, 29, 26, 4, 9
2023/11/16, 152, 89, 25, 15, 5, 4
2023/11/17, 90, 47, 23, 19, 5, 5
2023/11/18, 66, 66, 34, 29, 5, 6
2023/11/19, 115, 76, 38, 30, 6, 7
2023/11/20, 150, 57, 48, 23, 4, 6
2023/11/21, 119, 51, 49, 31, 5, 7
2023/11/22, 109, 76, 47, 28, 6, 9
2023/11/23, 152, 30, 28, 12, 4, 3
2023/11/24, 52, 24, 29, 12, 4, 3
2023/11/25, 40, 32, 30, 14, 4, 4
2023/11/26, 51, 69, 36, 24, 5, 7
2023/11/27, 140, 84, 36, 22, 5, 8
2023/11/28, 152, 63, 45, 17, 4, 7
2023/11/29, 118, 38, 23, 11, 4, 5
2023/11/30, 60, 49, 23, 16, 5, 3
2023/12/1, 83, 51, 23, 25, 6, 4
2023/12/2, 97, 63, 35, 24, 6, 6
2023/12/3, 127, 63, 25, 27, 5, 7
2023/12/4, 143, 76, 24, 31, 5, 8
2023/12/5, 164, 84, 24, 26, 5, 8
2023/12/6, 159, 100, 36, 25, 5, 8
2023/12/7, 145, 71, 41, 30, 4, 6
2023/12/8, 108, 67, 35, 27, 4, 6
2023/12/9, 115, 33, 18, 19, 3, 5
2023/12/10, 73, 17, 19, 14, 3, 6
2023/12/11, 54, 35, 18, 14, 3, 7
2023/12/12, 96, 44, 25, 16, 6, 6
2023/12/13, 89, 40, 31, 21, 3, 4
2023/12/14, 87, 33, 15, 18, 3, 8
2023/12/15, 80, 38, 22, 11, 4, 5
2023/12/16, 93, 28, 25, 11, 4, 4
2023/12/17, 67, 15, 28, 11, 4, 4
2023/12/18, 37, 14, 23, 13, 3, 4
2023/12/19, 41, 50, 27, 13, 4, 5
2023/12/20, 102, 38, 27, 13, 5, 6
2023/12/21, 76, 40, 20, 17, 5, 7
2023/12/22, 76, 55, 12, 27, 5, 9
2023/12/23, 109, 73, 19, 31, 6, 11
2023/12/24, 147, 85, 21, 29, 7, 11
2023/12/25, 159, 82, 23, 28, 5, 9
2023/12/26, 162, 42, 30, 23, 4, 6
2023/12/27, 113, 45, 24, 31, 6, 4
2023/12/28, 114, 26, 29, 15, 4, 3
2023/12/29, 77, 54, 15, 31, 4, 6
2023/12/30, 126, 108, 29, 22, 4, 11
2023/12/31, 208, 59, 30, 17, 4, 5
2023/7/1, 69, 35, 61, 8, 2, 6
2023/7/2, 96, 43, 81, 10, 3, 7
2023/7/3, 97, 33, 68, 10, 3, 6
2023/7/4, 85, 26, 53, 9, 3, 7
2023/7/5, 61, 45, 82, 10, 3, 7
2023/7/6, 108, 40, 57, 10, 3, 6
2023/7/7, 76, 38, 42, 12, 3, 6
2023/7/8, 82, 48, 52, 13, 3, 6
2023/7/9, 109, 34, 37, 13, 3, 6
2023/7/10, 71, 37, 82, 7, 3, 5
2023/7/11, 74, 44, 93, 8, 3, 6
2023/7/12, 72, 39, 81, 7, 3, 6
2023/7/13, 65, 34, 83, 6, 3, 5
2023/7/14, 64, 23, 61, 6, , 5
2023/7/15, 45, 19, 25, 3, , 5
2023/7/16, 28, 18, 19, 2, , 4
2023/7/17, 19, 15, 22, 6, 3, 5
2023/7/18, 28, 17, 20, 5, 3, 4
2023/7/19, 23, 21, 18, 10, 3, 5
2023/7/20, 48, 21, 44, 9, 2, 6
2023/7/21, 58, 24, 36, 6, 2, 5
2023/7/22, 53, 22, 42, 5, 2, 5
2023/7/23, 50, 33, 37, 9, 2, 6
2023/7/24, 72, 16, 29, 4, 3, 4
2023/7/25, 28, 22, 19, 3, , 4
2023/7/26, 22, 16, 13, 2, 3, 4
2023/7/27, 17, 19, 14, 2, 3, 4
2023/7/28, 21, 19, 10, 2, 2, 4
2023/7/29, 21, 20, 14, 4, 3, 4
2023/7/30, 26, 13, 23, 5, 3, 4
2023/7/31, 33, 17, 25, 5, 3, 4
2023/8/1, 35, 23, 22, 3, 3, 5
2023/8/2, 41, 27, 21, 2, 3, 5
2023/8/3, 42, 25, 21, 3, 3, 5
2023/8/4, 46, 24, 21, 4, 3, 
2023/8/5, 46, 28, 29, 8, 3, 5
2023/8/6, 57, 24, 35, 7, 3, 5
2023/8/7, 49, 25, 37, 5, 3, 6
2023/8/8, 53, 31, 43, 7, 3, 6
2023/8/9, 60, 33, 63, 7, 3, 6
2023/8/10, 63, 54, 116, 9, 3, 7
2023/8/11, 102, 30, 85, 6, , 7
2023/8/12, 84, 26, 41, 4, 3, 5
2023/8/13, 52, 25, 37, 4, 3, 5
2023/8/14, 51, 26, 27, 5, 3, 4
2023/8/15, 47, 48, 38, 10, 3, 5
2023/8/16, 65, 37, 40, 12, , 5
2023/8/17, 80, 34, 37, 13, 3, 5
2023/8/18, 67, 32, 36, 4, , 5
2023/8/19, 75, 23, 32, 4, , 5
2023/8/20, 53, 27, 65, 7, 3, 5
2023/8/21, 47, 34, 72, 8, 3, 7
2023/8/22, 70, 28, 53, 10, 3, 8
2023/8/23, 78, 35, 51, 15, 3, 6
2023/8/24, 57, 37, 56, 7, 3, 6
2023/8/25, 65, 31, 46, 6, 3, 5
2023/8/26, 56, 17, 27, 4, , 5
2023/8/27, 33, 18, 31, 7, , 6
2023/8/28, 32, 15, 26, 14, 3, 8
2023/8/29, 39, 7, 37, 8, 3, 4
2023/8/30, 18, 19, 39, 9, 3, 5
2023/8/31, 53, 16, 41, 5, 3, 4
2023/9/1, 35, 31, 58, 4, 3, 5
2023/9/2, 54, 25, 46, 7, 3, 5
2023/9/3, 51, 18, 16, 8, 3, 4
2023/9/4, 37, 22, 28, 6, 3, 4
2023/9/5, 49, 22, 33, 4, 3, 4
2023/9/6, 49, 30, 42, 4, 3, 5
2023/9/7, 66, 30, 44, 8, 3, 4
2023/9/8, 63, 33, 53, 9, 3, 4
2023/9/9, 56, 38, 50, 7, 3, 4
2023/9/10, 53, 31, 47, 6, 3, 4
2023/9/11, 44, 26, 40, 4, 3, 4
2023/9/12, 36, 22, 35, 7, 3, 4
2023/9/13, 41, 14, 28, 9, 3, 4
2023/9/14, 34, 25, 37, 14, 3, 5
2023/9/15, 53, 34, 21, 19, 3, 8
2023/9/16, 70, 55, 80, 14, 3, 9
2023/9/17, 100, 46, 76, 7, 3, 7
2023/9/18, 87, 25, 44, 8, 3, 5
2023/9/19, 52, 22, 40, 7, 3, 5
2023/9/20, 34, 24, 39, 8, 3, 5
2023/9/21, 34, 15, 29, 9, 3, 5
2023/9/22, 25, 10, 37, 8, 3, 5
2023/9/23, 21, 17, 31, 8, 4, 5
2023/9/24, 30, 37, 35, 19, 4, 6
2023/9/25, 58, 42, 45, 15, 3, 8
2023/9/26, 95, 38, 54, 12, 3, 8
2023/9/27, 100, 35, 40, 9, 3, 8
2023/9/28, 87, 34, 61, 7, 3, 8
2023/9/29, 95, 33, 34, 11, 3, 9
2023/9/30, 93, 21, 44, 7, 3, 6
2023/4/1, 90, 46, 51, 22, 3, 5
2023/4/2, 89, 42, 47, 8, 2, 5
2023/4/3, 61, 21, 36, 6, 2, 5
2023/4/4, 50, 31, 28, 10, 2, 7
2023/4/5, 81, 42, 34, 15, 2, 8
2023/4/6, 117, 58, 46, 14, 2, 7
2023/4/7, 134, 54, 45, 11, 2, 5
2023/4/8, 57, 46, 67, 10, 2, 4
2023/4/9, 54, 47, 62, 9, 2, 5
2023/4/10, 54, 113, 49, 9, 3, 6
2023/4/11, 88, 242, 37, 5, 2, 4
2023/4/12, 146, 144, 36, 8, 2, 4
2023/4/13, 117, 68, 28, 18, 3, 7
2023/4/14, 119, 41, 42, 11, 2, 7
2023/4/15, 74, 54, 63, 9, 2, 6
2023/4/16, 79, 54, 53, 7, 2, 6
2023/4/17, 79, 57, 55, 13, 2, 7
2023/4/18, 78, 28, 36, 8, 2, 5
2023/4/19, 61, 35, 37, 5, 2, 5
2023/4/20, 55, 45, 43, 4, 2, 4
2023/4/21, 63, 86, 43, 5, 2, 4
2023/4/22, 79, 77, 42, 5, 2, 4
2023/4/23, 81, 30, 40, 3, 2, 5
2023/4/24, 50, 40, 36, 14, 2, 8
2023/4/25, 76, 55, 53, 12, 3, 8
2023/4/26, 124, 51, 70, 6, 2, 6
2023/4/27, 103, 49, 61, 12, 2, 7
2023/4/28, 81, 73, 32, 15, 2, 8
2023/4/29, 108, 79, 72, 16, 3, 6
2023/4/30, 86, 64, 83, 14, 3, 6
2023/5/1, 81, 58, 61, 4, 2, 5
2023/5/2, 67, 41, 44, 4, 2, 5
2023/5/3, 63, 25, 34, 4, 2, 5
2023/5/4, 55, 27, 35, 9, 2, 6
2023/5/5, 72, 28, 40, 6, 2, 6
2023/5/6, 62, 16, 34, 6, 2, 5
2023/5/7, 32, 30, 45, 4, 2, 4
2023/5/8, 65, 43, 57, 14, 3, 4
2023/5/9, 54, 33, 50, 9, 3, 3
2023/5/10, 52, 40, 56, 11, 3, 4
2023/5/11, 66, 58, 102, 17, 3, 6
2023/5/12, 133, 61, 115, 19, 3, 7
2023/5/13, 126, 66, 112, 14, 3, 7
2023/5/14, 132, 66, 105, 14, 3, 6
2023/5/15, 117, 51, 57, 9, 2, 5
2023/5/16, 62, 20, 38, 3, 2, 4
2023/5/17, 38, 44, 37, 10, 2, 5
2023/5/18, 93, 13, 34, 8, 2, 4
2023/5/19, 30, 25, 47, 5, 2, 3
2023/5/20, 60, 28, 40, 4, 2, 5
2023/5/21, 74, 59, 36, 8, 2, 5
2023/5/22, 89, 71, 52, 14, 3, 6
2023/5/23, 86, 70, 45, 17, 3, 6
2023/5/24, 99, 50, 57, 6, 3, 5
2023/5/25, 86, 49, 38, 7, 2, 5
2023/5/26, 70, 37, 30, 6, 2, 5
2023/5/27, 60, 35, 52, 6, 2, 5
2023/5/28, 53, 32, 52, 8, , 5
2023/5/29, 51, 23, 28, 9, , 5
2023/5/30, 58, 23, 28, 8, 2, 4
2023/5/31, 51, 22, 26, 7, 2, 4
2023/6/1, 61, 43, 78, 13, 3, 6
2023/6/2, 88, 36, 61, 5, 3, 4
2023/6/3, 87, 33, 51, 5, 3, 4
2023/6/4, 78, 39, 37, 9, 2, 6
2023/6/5, 82, 27, 37, 10, 2, 6
2023/6/6, 87, 28, 44, 8, 2, 5
2023/6/7, 78, 31, 70, 10, 2, 6
2023/6/8, 89, 37, 86, 10, 2, 7
2023/6/9, 105, 31, 72, 6, 2, 5
2023/6/10, 75, 28, 42, 7, 3, 4
2023/6/11, 74, 13, 28, 5, 3, 4
2023/6/12, 41, 16, 23, 5, 2, 4
2023/6/13, 45, 30, 40, 11, 2, 4
2023/6/14, 82, 42, 67, 14, 3, 5
2023/6/15, 108, 40, 53, 7, 2, 4
2023/6/16, 113, 12, 51, 4, 2, 4
2023/6/17, 45, 13, 26, 12, 2, 4
2023/6/18, 46, 13, 33, 9, 2, 4
2023/6/19, 46, 30, 67, 10, 2, 6
2023/6/20, 82, 51, 97, 11, 2, 7
2023/6/21, 132, 62, 80, 11, 3, 7
2023/6/22, 147, 39, 46, 10, , 6
2023/6/23, 102, 12, 48, 2, 2, 4
2023/6/24, 40, 19, 43, 7, 2, 5
2023/6/25, 53, 38, 45, 10, 2, 5
2023/6/26, 75, 32, 36, 11, 2, 5
2023/6/27, 56, 31, 51, 5, 2, 5
2023/6/28, 64, 36, 64, 7, 2, 5
2023/6/29, 73, 29, 37, 7, 2, 5
2023/6/30, 59, 34, 85, 5, 2, 5
2023/1/2, 111, 24, 30, 10, 3, 2
2023/1/3, 43, 45, 39, 22, 3, 5
2023/1/4, 110, 47, 14, 27, 3, 4
2023/1/5, 117, 60, 39, 30, 4, 7
2023/1/6, 146, 90, 35, 31, 4, 9
2023/1/7, 180, 74, 45, 22, 3, 5
2023/1/8, 145, 62, 44, 21, 3, 6
2023/1/9, 151, 32, 30, 8, , 3
2023/1/10, 87, 31, 31, 15, 3, 4
2023/1/11, 84, 34, 25, 9, 2, 4
2023/1/12, 98, 37, 15, 11, 2, 5
2023/1/13, 105, 17, 23, 5, 2, 5
2023/1/14, 52, 24, 23, 5, 2, 5
2023/1/15, 52, 42, 24, 9, 3, 7
2023/1/16, 84, 48, 25, 13, 4, 9
2023/1/17, 118, 58, 33, 18, 4, 7
2023/1/18, 141, 73, 38, 20, 4, 7
2023/1/19, 150, 80, 34, 12, 3, 6
2023/1/20, 127, 56, 32, 5, 3, 4
2023/1/21, 59, 16, 25, 7, 2, 4
2023/1/22, 56, 26, 31, 5, 2, 5
2023/1/23, 61, 42, 27, 3, 2, 5
2023/1/24, 82, 24, 26, 5, 3, 4
2023/1/25, 47, 36, 33, 7, 3, 5
2023/1/26, 99, 53, 30, 5, 3, 6
2023/1/27, 94, 50, 30, 15, 4, 7
2023/1/28, 96, 55, 37, 16, 4, 6
2023/1/29, 117, 60, 42, 20, 4, 7
2023/1/30, 149, 46, 43, 14, 3, 6
2023/1/31, 106, 54, 43, 18, 3, 6
2023/2/1, 112, 45, 28, 7, 3, 4
2023/2/2, 44, 46, 26, 11, 3, 4
2023/2/3, 53, 28, 31, 12, 3, 4
2023/2/4, 57, 38, 35, 15, 3, 6
2023/2/5, 101, 19, 32, 17, 2, 6
2023/2/6, 61, 21, 39, 10, 3, 5
2023/2/7, 61, 41, 38, 10, 3, 6
2023/2/8, 101, 28, 33, 14, 2, 6
2023/2/9, 65, 20, 32, 11, 2, 5
2023/2/10, 54, 14, 29, 13, 2, 5
2023/2/11, 47, 14, 31, 17, 2, 7
2023/2/12, 46, 33, 36, 9, 2, 7
2023/2/13, 76, 32, 31, 8, 2, 5
2023/2/14, 50, 34, 30, 11, 3, 5
2023/2/15, 63, 40, 36, 17, 3, 4
2023/2/16, 66, 38, 28, 15, 3, 4
2023/2/17, 69, 50, 41, 25, 3, 5
2023/2/18, 107, 68, 35, 16, 3, 9
2023/2/19, 158, 54, 43, 15, 2, 6
2023/2/20, 81, 27, 32, 5, 2, 3
2023/2/21, 27, 25, 32, 7, 2, 4
2023/2/22, 45, 19, 29, 8, 2, 4
2023/2/23, 43, 35, 32, 16, 2, 6
2023/2/24, 94, 41, 35, 10, 2, 5
2023/2/25, 74, 33, 38, 12, 2, 5
2023/2/26, 61, 28, 40, 9, 2, 5
2023/2/27, 58, 35, 42, 17, 2, 5
2023/2/28, 67, 55, 49, 29, 3, 6
2023/3/1, 143, 50, 42, 16, 2, 3
2023/3/2, 98, 38, 36, 15, 2, 3
2023/3/3, 49, 39, 39, 13, 2, 3
2023/3/4, 68, 31, 38, 11, 2, 3
2023/3/5, 67, 66, 57, 23, 2, 4
2023/3/6, 99, 65, 63, 20, 2, 4
2023/3/7, 101, 60, 49, 22, 2, 5
2023/3/8, 109, 71, 57, 21, 3, 8
2023/3/9, 157, 69, 81, 23, 3, 6
2023/3/10, 126, 54, 49, 14, 2, 5
2023/3/11, 94, 54, 36, 12, 2, 5
2023/3/12, 64, 51, 32, 12, 2, 3
2023/3/13, 42, 60, 48, 13, 2, 4
2023/3/14, 48, 44, 51, 12, 2, 4
2023/3/15, 79, 61, 39, 6, 2, 3
2023/3/16, 50, 20, 34, 8, 2, 3
2023/3/17, 28, 25, 36, 9, 2, 4
2023/3/18, 54, 41, 43, 9, 2, 5
2023/3/19, 62, 34, 39, 9, 2, 5
2023/3/20, 80, 15, 19, 18, 2, 5
2023/3/21, 38, 23, 6, 26, 2, 6
2023/3/22, 63, 95, 34, 16, 2, 8
2023/3/23, 77, 81, 32, 10, 2, 4
2023/3/24, 80, 49, 27, 15, 2, 5
2023/3/25, 68, 52, 40, 10, 3, 4
2023/3/26, 70, 66, 44, 14, 3, 5
2023/3/27, 91, 59, 58, 14, 3, 4
2023/3/28, 99, 53, 38, 15, 2, 4
2023/3/29, 91, 50, 60, 13, 2, 5
2023/3/30, 117, 26, 37, 9, 2, 4
2023/3/31, 54, 46, 36, 23, 3, 5
2022/10/1, 63, 25, 39, 5, 2, 5
2022/10/2, 49, 28, 53, 6, 2, 5
2022/10/3, 53, 23, 28, 6, 2, 6
2022/10/4, 41, 23, 31, 5, 2, 5
2022/10/5, 25, 13, 32, 5, , 5
2022/10/6, 23, 14, 39, 7, 2, 5
2022/10/7, 26, 25, 38, 11, 2, 6
2022/10/8, 48, 32, 40, 13, 3, 7
2022/10/9, 77, 50, 32, 14, 3, 7
2022/10/10, 63, 34, 34, 15, 2, 5
2022/10/11, 70, 24, 40, 9, 1, 5
2022/10/12, 59, 25, 46, 10, 1, 5
2022/10/13, 55, 31, 45, 15, 1, 6
2022/10/14, 59, 32, 48, 15, 1, 6
2022/10/15, 74, 29, 44, 9, 1, 7
2022/10/16, 80, 41, 46, 7, 1, 6
2022/10/17, 93, 31, 32, 9, 2, 5
2022/10/18, 55, 26, 42, 11, 2, 4
2022/10/19, 64, 38, 39, 10, 2, 4
2022/10/20, 77, 40, 41, 20, 2, 6
2022/10/21, 71, 30, 30, 13, 2, 6
2022/10/22, 77, 32, 44, 7, 2, 6
2022/10/23, 75, 26, 42, 7, 2, 5
2022/10/24, 41, 31, 36, 7, 1, 4
2022/10/25, 39, 34, 29, 15, 1, 3
2022/10/26, 30, 17, 32, 9, 1, 3
2022/10/27, 14, 29, 40, 5, , 3
2022/10/28, 37, 30, 40, 8, , 4
2022/10/29, 41, 36, 38, 10, , 3
2022/10/30, 56, 31, 33, 7, 2, 3
2022/10/31, 28, 28, 44, 8, 2, 4
2022/11/1, 51, 44, 46, 11, 2, 6
2022/11/2, 79, 36, 43, 16, 2, 5
2022/11/3, 51, 30, 33, 6, 2, 4
2022/11/4, 43, 34, 39, 10, 2, 5
2022/11/5, 55, 30, 38, 13, 2, 5
2022/11/6, 44, 28, 40, 11, 2, 5
2022/11/7, 47, 40, 41, 20, 2, 5
2022/11/8, 63, 38, 44, 13, 2, 5
2022/11/9, 66, 37, 30, 15, 2, 6
2022/11/10, 98, 23, 22, 15, 2, 6
2022/11/11, 72, 19, 27, 11, 2, 6
2022/11/12, 41, 29, 21, 11, 2, 7
2022/11/13, 47, 35, 18, 18, 2, 7
2022/11/14, 62, 48, 18, 27, 3, 10
2022/11/15, 129, 65, 45, 21, 3, 11
2022/11/16, 153, 9, 35, 7, 2, 3
2022/11/17, 22, 25, 30, 13, 2, 3
2022/11/18, 29, 31, 30, 19, 2, 5
2022/11/19, 59, 47, 21, 21, 2, 7
2022/11/20, 115, 44, 30, 18, 2, 6
2022/11/21, 106, 36, 29, 14, 2, 5
2022/11/22, 104, 18, 33, 10, 2, 4
2022/11/23, 35, 45, 34, 18, 2, 4
2022/11/24, 70, 52, 29, 15, 2, 5
2022/11/25, 63, 48, 38, 19, 2, 7
2022/11/26, 103, 43, 27, 17, 2, 5
2022/11/27, 68, 30, 29, 9, , 5
2022/11/28, 43, 23, 25, 9, , 7
2022/11/29, 51, 19, 23, 8, 2, 5
2022/11/30, 40, 26, 18, 13, 2, 5
2022/12/1, 56, 39, 13, 19, 3, 7
2022/12/2, 80, 22, 28, 17, 2, 7
2022/12/3, 63, 26, 28, 5, 2, 5
2022/12/4, 40, 16, 23, 10, 2, 5
2022/12/5, 34, 37, 26, 20, 2, 6
2022/12/6, 44, 50, 37, 22, 3, 7
2022/12/7, 81, 52, 29, 26, 2, 5
2022/12/8, 84, 31, 20, 21, 2, 7
2022/12/9, 70, 44, 26, 20, 2, 11
2022/12/10, 122, 43, 29, 10, 2, 5
2022/12/11, 81, 41, 19, 18, 3, 6
2022/12/12, 83, 86, 19, 27, 4, 8
2022/12/13, 146, 79, 23, 16, 3, 4
2022/12/14, 78, 63, 25, 21, 3, 4
2022/12/15, 70, 27, 29, 11, 3, 4
2022/12/16, 43, 42, 22, 10, 4, 6
2022/12/17, 76, 59, 19, 14, 4, 6
2022/12/18, 66, 57, 24, 23, 3, 6
2022/12/19, 77, 53, 25, 18, 3, 6
2022/12/20, 72, 60, 24, 21, 4, 7
2022/12/21, 106, 77, 25, 19, 4, 7
2022/12/22, 120, 36, 22, 13, 4, 6
2022/12/23, 59, 48, 21, 18, 4, 8
2022/12/24, 91, 40, 24, 14, 3, 8
2022/12/25, 85, 44, 21, 23, 4, 9
2022/12/26, 107, 58, 34, 16, 3, 10
2022/12/27, 149, 62, 30, 17, 4, 10
2022/12/28, 158, 27, 27, 10, 3, 7
2022/12/29, 71, 37, 23, 18, 3, 9
2022/12/30, 93, 64, 40, 24, 4, 10
2022/12/31, 159, 74, 30, 29, 4, 10
2023/1/1, 167, 45, 28, 13, 3, 7
2022/7/1, 26, 17, 18, 4, 2, 5
2022/7/2, 23, 19, 18, 5, 2, 4
2022/7/3, 35, 17, 20, 5, 2, 4
2022/7/4, 33, 36, 64, 6, 2, 4
2022/7/5, 63, 34, 55, 6, 2, 4
2022/7/6, 56, 35, 75, 10, 2, 5
2022/7/7, 70, 38, 72, 12, 2, 5
2022/7/8, 82, 40, 102, 11, 2, 6
2022/7/9, 97, 53, 103, 8, 2, 5
2022/7/10, 129, 30, 45, 10, 2, 4
2022/7/11, 59, 47, 85, 13, 3, 5
2022/7/12, 95, 50, 110, 10, 4, 4
2022/7/13, 99, 56, 115, 13, 4, 4
2022/7/14, 104, 43, 68, 14, 4, 5
2022/7/15, 99, 37, 46, 12, 2, 6
2022/7/16, 96, 41, 88, 8, 4, 5
2022/7/17, 107, 29, 40, 10, 3, 6
2022/7/18, 79, 24, 49, 7, 3, 5
2022/7/19, 75, 40, 66, 12, 3, 5
2022/7/20, 90, 31, 40, 13, 3, 5
2022/7/21, 72, 42, 95, 11, 3, 7
2022/7/22, 110, 44, 47, 11, 2, 5
2022/7/23, 97, 38, 63, 11, 3, 5
2022/7/24, 90, 30, 48, 6, 3, 4
2022/7/25, 81, 43, 64, 11, 2, 4
2022/7/26, 79, 42, 70, 11, 2, 4
2022/7/27, 88, 33, 47, 9, 2, 4
2022/7/28, 64, 16, 13, 6, 2, 3
2022/7/29, 34, 20, 25, 7, 3, 3
2022/7/30, 43, 28, 35, 9, 2, 7
2022/7/31, 56, 30, 48, 10, 2, 7
2022/8/1, 63, 41, 41, 7, 2, 7
2022/8/2, 98, 25, 30, 7, 2, 5
2022/8/3, 36, 22, 35, 7, 2, 6
2022/8/4, 36, 28, 55, 8, , 6
2022/8/5, 45, 39, 32, 17, 2, 7
2022/8/6, 69, 31, 56, 9, 2, 5
2022/8/7, 58, 23, 37, 6, 2, 5
2022/8/8, 33, 27, 39, 8, 2, 5
2022/8/9, 38, 26, 41, 9, , 6
2022/8/10, 40, 37, 62, 12, 2, 7
2022/8/11, 64, 41, 77, 12, , 7
2022/8/12, 72, 42, 90, 10, 2, 8
2022/8/13, 80, 32, 65, 8, 2, 7
2022/8/14, 56, 26, 60, 6, 2, 7
2022/8/15, 42, 31, 60, 9, 2, 7
2022/8/16, 51, 36, 88, 11, 2, 8
2022/8/17, 73, 24, 58, 10, 2, 4
2022/8/18, 60, 25, 54, 8, 2, 4
2022/8/19, 42, 41, 73, 14, 2, 6
2022/8/20, 80, 27, 38, 7, 2, 5
2022/8/21, 61, 37, 93, 8, 2, 6
2022/8/22, 86, 45, 74, 12, 2, 6
2022/8/23, 92, 28, 32, 4, 2, 6
2022/8/24, 45, 28, 34, 5, 2, 6
2022/8/25, 46, 25, 39, 5, 2, 6
2022/8/26, 47, 23, 41, 5, 2, 6
2022/8/27, 53, 26, 38, 3, 2, 6
2022/8/28, 36, 30, 58, 4, 2, 6
2022/8/29, 48, 32, 57, 5, 2, 8
2022/8/30, 74, 12, 39, 4, 1, 6
2022/8/31, 26, 22, 51, 3, , 5
2022/9/1, 49, 15, 37, 3, , 5
2022/9/2, 33, 14, 22, 2, 1, 
2022/9/3, 21, 17, 18, 1, 1, 4
2022/9/4, 23, 10, 43, 2, 1, 5
2022/9/5, 17, 46, 81, 11, 2, 8
2022/9/6, 90, 45, 75, 10, 1, 6
2022/9/7, 93, 37, 46, 9, 2, 5
2022/9/8, 64, 25, 53, 5, 1, 5
2022/9/9, 48, 27, 47, 7, 1, 5
2022/9/10, 50, 26, 34, 3, 1, 5
2022/9/11, 50, 20, 23, 6, 1, 5
2022/9/12, 48, 16, 27, 2, 1, 5
2022/9/13, 34, 17, 24, 2, 1, 5
2022/9/14, 23, 15, 31, 5, 1, 6
2022/9/15, 27, 36, 58, 10, 1, 7
2022/9/16, 86, 38, 57, 12, 1, 8
2022/9/17, 105, 32, 72, 6, 1, 6
2022/9/18, 65, 55, 70, 4, 1, 7
2022/9/19, 72, 38, 37, 4, 1, 5
2022/9/20, 40, 34, 35, 6, 2, 6
2022/9/21, 36, 34, 41, 12, 2, 5
2022/9/22, 45, 44, 56, 15, 2, 6
2022/9/23, 59, 24, 37, 5, 1, 5
2022/9/24, 25, 27, 41, 6, 1, 5
2022/9/25, 32, 29, 49, 9, 1, 5
2022/9/26, 50, 16, 46, 7, 2, 5
2022/9/27, 32, 21, 42, 9, 1, 5
2022/9/28, 44, 19, 40, 7, 2, 6
2022/9/29, 43, 15, 37, 5, 2, 6
2022/9/30, 41, 25, 27, 7, 2, 5
2022/4/1, 62, 27, 40, 6, 2, 3
2022/4/2, 54, 20, 45, 7, 2, 3
2022/4/3, 49, 30, 51, 6, 2, 3
2022/4/4, 71, 34, 39, 10, 2, 3
2022/4/5, 69, 48, 53, 12, 2, 4
2022/4/6, 100, 52, 69, 11, 2, 4
2022/4/7, 103, 39, 54, 11, 2, 3
2022/4/8, 75, 43, 66, 6, 2, 4
2022/4/9, 75, 43, 53, 5, 2, 5
2022/4/10, 75, 38, 69, 7, 2, 5
2022/4/11, 82, 18, 44, 10, 2, 4
2022/4/12, 59, 12, 29, 6, 2, 4
2022/4/13, 38, 8, 29, 4, , 4
2022/4/14, 32, 22, 65, 4, 2, 4
2022/4/15, 54, 46, 51, 5, 2, 4
2022/4/16, 93, 36, 52, 8, 2, 4
2022/4/17, 71, 32, 45, 6, 2, 4
2022/4/18, 59, 45, 72, 10, 2, 4
2022/4/19, 97, 57, 92, 9, 3, 6
2022/4/20, 115, 54, 74, 7, 2, 6
2022/4/21, 121, 44, 68, 11, 2, 6
2022/4/22, 96, 20, 41, 5, , 5
2022/4/23, 55, 14, 38, 3, 2, 5
2022/4/24, 44, 19, 30, 5, , 5
2022/4/25, 51, 18, 42, 6, 2, 6
2022/4/26, 54, 52, 44, 2, 2, 4
2022/4/27, 59, 72, 37, 5, 2, 4
2022/4/28, 74, 18, 44, 3, 2, 4
2022/4/29, 49, 21, 42, 8, 2, 4
2022/4/30, 56, 31, 43, 6, 2, 4
2022/5/1, 69, 46, 56, 12, 2, 5
2022/5/2, 99, 60, 103, 11, 3, 6
2022/5/3, 134, 51, 68, 6, 2, 6
2022/5/4, 109, 31, 45, 4, 2, 5
2022/5/5, 62, 21, 45, 4, 2, 5
2022/5/6, 56, 14, 35, 3, 2, 5
2022/5/7, 36, 25, 43, 5, 2, 4
2022/5/8, 53, 19, 41, 4, 2, 5
2022/5/9, 46, 25, 41, 3, 2, 5
2022/5/10, 52, 26, 41, 4, 2, 5
2022/5/11, 57, 20, 40, 4, 2, 5
2022/5/12, 56, 21, 47, 4, 2, 5
2022/5/13, 55, 35, 49, 9, 2, 5
2022/5/14, 61, 37, 49, 11, 2, 5
2022/5/15, 72, 53, 74, 13, 2, 6
2022/5/16, 111, 55, 91, 14, 2, 6
2022/5/17, 120, 39, 74, 10, 2, 5
2022/5/18, 80, 36, 51, 4, 2, 5
2022/5/19, 81, 34, 31, 8, 2, 5
2022/5/20, 81, 21, 44, 4, , 5
2022/5/21, 54, 32, 49, 5, 2, 5
2022/5/22, 70, 18, 48, 3, 2, 5
2022/5/23, 48, 17, 47, 2, 2, 5
2022/5/24, 48, 27, 34, 5, 2, 5
2022/5/25, 65, 34, 35, 9, 2, 5
2022/5/26, 82, 51, 78, 9, 2, 6
2022/5/27, 110, 20, 50, 5, 1, 4
2022/5/28, 46, 19, 32, 7, 1, 4
2022/5/29, 56, 38, 50, 7, 1, 5
2022/5/30, 92, 19, 44, 6, 1, 2
2022/5/31, 38, 33, 48, 8, 1, 5
2022/6/1, 82, 23, 43, 6, 1, 3
2022/6/2, 63, 15, 40, 3, 1, 3
2022/6/3, 43, 22, 33, 6, 1, 3
2022/6/4, 52, 22, 22, 11, 1, 3
2022/6/5, 55, 30, 63, 8, 1, 3
2022/6/6, 71, 38, 46, 6, 1, 3
2022/6/7, 77, 21, 46, 5, 1, 2
2022/6/8, 52, 28, 49, 4, 1, 3
2022/6/9, 61, 17, 44, 5, 1, 2
2022/6/10, 42, 23, 44, 4, 1, 2
2022/6/11, 52, 31, 40, 7, 1, 3
2022/6/12, 73, 11, 33, 6, 1, 2
2022/6/13, 32, 44, 71, 11, 1, 3
2022/6/14, 105, 60, 91, 12, 1, 5
2022/6/15, 133, 51, 51, 13, 1, 4
2022/6/16, 98, 47, 69, 10, 2, 3
2022/6/17, 81, 33, 39, 5, 2, 4
2022/6/18, 56, 51, 48, 9, 2, 3
2022/6/19, 79, 16, 30, 7, 2, 3
2022/6/20, 32, 27, 46, 6, 2, 4
2022/6/21, 50, 31, 46, 8, 2, 5
2022/6/22, 71, 35, 52, 9, 3, 5
2022/6/23, 58, 25, 29, 13, 2, 5
2022/6/24, 50, 28, 63, 10, 2, 5
2022/6/25, 60, 27, 47, 6, 2, 4
2022/6/26, 45, 29, 40, 5, 2, 4
2022/6/27, 37, 29, 35, 6, 2, 4
2022/6/28, 41, 28, 43, 6, 2, 5
2022/6/29, 42, 24, 28, 5, 2, 5
2022/6/30, 29, 23, 21, 4, 2, 5
2022/1/3, 151, 42, 41, 22, 2, 4
2022/1/4, 113, 17, 38, 9, 2, 3
2022/1/5, 47, 23, 30, 9, 2, 3
2022/1/6, 48, 30, 30, 11, 2, 4
2022/1/7, 75, 30, 30, 13, 2, 5
2022/1/8, 86, 48, 31, 16, 2, 7
2022/1/9, 129, 79, 22, 27, 3, 12
2022/1/10, 176, 59, 26, 15, 2, 9
2022/1/11, 121, 47, 12, 25, 2, 5
2022/1/12, 98, 52, , 25, 3, 7
2022/1/13, 121, 29, 22, 16, 2, 6
2022/1/14, 59, 56, 15, 29, 2, 10
2022/1/15, 143, 65, 38, 21, 3, 12
2022/1/16, 155, 33, 25, 12, 2, 8
2022/1/17, 49, 40, 37, 10, 2, 6
2022/1/18, 94, 33, 27, 16, 2, 6
2022/1/19, 83, 32, 33, 7, 2, 7
2022/1/20, 85, 21, 32, 8, 2, 6
2022/1/21, 43, 17, 20, 20, 2, 8
2022/1/22, 57, 12, 32, 12, , 10
2022/1/23, 43, 46, 33, 8, , 12
2022/1/24, 126, 70, 30, 14, 2, 9
2022/1/25, 158, 45, 36, 10, , 9
2022/1/26, 111, 37, 35, 6, , 9
2022/1/27, 89, 21, 31, 7, , 8
2022/1/28, 47, 24, 31, 9, 2, 9
2022/1/29, 61, 22, 28, 10, 2, 9
2022/1/30, 61, 61, 36, 16, 2, 10
2022/1/31, 144, 74, 35, 9, 2, 7
2022/2/1, 139, 31, 36, 4, 2, 7
2022/2/2, 75, 13, 34, 5, 2, 6
2022/2/3, 37, 27, 37, 9, 2, 7
2022/2/4, 73, 53, 34, 12, 2, 9
2022/2/5, 119, 21, 33, 5, 2, 8
2022/2/6, 47, 9, 32, 4, 2, 7
2022/2/7, 24, 9, 32, 5, , 4
2022/2/8, 24, 15, 33, 5, 2, 4
2022/2/9, 43, 23, 36, 9, 2, 5
2022/2/10, 66, 38, 43, 9, 2, 6
2022/2/11, 90, 44, 39, 11, 2, 7
2022/2/12, 96, 44, 39, 12, 2, 8
2022/2/13, 102, 44, 41, 12, 2, 8
2022/2/14, 91, 52, 31, 6, 2, 9
2022/2/15, 113, 33, 35, 5, , 5
2022/2/16, 74, 21, 36, 3, 2, 5
2022/2/17, 53, 17, 32, 5, , 6
2022/2/18, 43, 30, 29, 8, 2, 7
2022/2/19, 68, 34, 32, 7, 2, 7
2022/2/20, 56, 37, 32, 13, 2, 8
2022/2/21, 71, 60, 38, 19, 3, 7
2022/2/22, 123, 35, 37, 8, 2, 1
2022/2/23, 76, 28, 35, 16, 2, 1
2022/2/24, 55, 30, 37, 16, 2, 4
2022/2/25, 64, 52, 40, 18, 2, 5
2022/2/26, 105, 62, 42, 9, 2, 4
2022/2/27, 96, 60, 69, 11, 2, 4
2022/2/28, 112, 83, 41, 18, 2, 7
2022/3/1, 165, 62, 41, 15, 2, 3
2022/3/2, 126, 69, 56, 18, 2, 3
2022/3/3, 123, 42, 34, 17, 2, 2
2022/3/4, 87, 80, 34, 14, 2, 2
2022/3/5, 96, 38, 34, 7, 2, 1
2022/3/6, 30, 38, 28, 16, 2, 2
2022/3/7, 57, 66, 39, 27, 2, 3
2022/3/8, 117, 63, 49, 13, 2, 2
2022/3/9, 107, 63, 55, 12, 2, 2
2022/3/10, 94, 56, 41, 20, 2, 2
2022/3/11, 85, 47, 40, 15, 2, 2
2022/3/12, 76, 45, 33, 18, 2, 2
2022/3/13, 72, 50, 44, 19, 2, 3
2022/3/14, 101, 46, 38, 11, 2, 4
2022/3/15, 84, 51, 49, 14, 2, 4
2022/3/16, 87, 13, 27, 10, , 3
2022/3/17, 43, 28, 29, 16, 1, 5
2022/3/18, 69, 58, 34, 14, 2, 5
2022/3/19, 129, 20, 33, 6, , 3
2022/3/20, 50, 9, 40, 4, , 4
2022/3/21, 21, 24, 41, 4, , 4
2022/3/22, 40, 31, 38, 9, 2, 3
2022/3/23, 57, 26, 42, 10, 2, 3
2022/3/24, 48, 17, 36, 8, 2, 4
2022/3/25, 44, 32, 37, 10, 2, 5
2022/3/26, 77, 64, 41, 22, 2, 4
2022/3/27, 92, 28, 39, 5, 2, 3
2022/3/28, 43, 28, 43, 7, 2, 3
2022/3/29, 53, 32, 53, 6, 2, 4
2022/3/30, 71, 37, 39, 5, 2, 4
2022/3/31, 78, 29, 44, 5, 2, 3
2021/10/1, 44, 31, 75, 6, 3, 5
2021/10/2, 66, 33, 54, 4, 3, 5
2021/10/3, 54, 33, 43, 3, 3, 5
2021/10/4, 53, 32, 40, 3, 3, 5
2021/10/5, 44, 28, 34, 2, 3, 5
2021/10/6, 41, 15, 23, 5, 3, 4
2021/10/7, 37, 27, 29, 6, 3, 4
2021/10/8, 45, 23, 30, 3, 3, 4
2021/10/9, 39, 25, 25, 6, 3, 4
2021/10/10, 41, 10, 31, 3, 3, 5
2021/10/11, 15, 26, 35, 4, 3, 4
2021/10/12, 30, 16, 18, 7, 3, 4
2021/10/13, 30, 25, 22, 7, 3, 5
2021/10/14, 46, 21, 24, 9, 3, 5
2021/10/15, 51, 16, 33, 4, 3, 4
2021/10/16, 26, 28, 27, 6, 3, 4
2021/10/17, 28, 29, 22, 13, 3, 4
2021/10/18, 30, 48, 36, 20, 4, 7
2021/10/19, 80, 20, 30, 10, 1, 5
2021/10/20, 32, 26, 18, 18, 1, 6
2021/10/21, 56, 51, 38, 18, 2, 7
2021/10/22, 123, 32, 41, 16, 1, 5
2021/10/23, 55, 25, 39, 15, 1, 5
2021/10/24, 31, 27, 40, 16, 1, 5
2021/10/25, 48, 35, 40, 21, 1, 5
2021/10/26, 63, 48, 44, 25, 1, 5
2021/10/27, 107, 39, 35, 21, 1, 4
2021/10/28, 59, 37, 40, 20, 1, 4
2021/10/29, 56, 39, 40, 23, 1, 4
2021/10/30, 58, 31, 37, 18, 1, 3
2021/10/31, 54, 50, 58, 21, 1, 5
2021/11/1, 127, 41, 41, 10, 1, 4
2021/11/2, 93, 47, 33, 17, 2, 4
2021/11/3, 74, 39, 47, 9, 1, 4
2021/11/4, 77, 17, 42, 6, 1, 4
2021/11/5, 48, 19, 38, 6, 1, 4
2021/11/6, 34, 22, 38, 8, 1, 4
2021/11/7, 37, 28, 23, 11, 2, 4
2021/11/8, 53, 43, 22, 19, 3, 5
2021/11/9, 76, 49, 26, 24, 3, 4
2021/11/10, 77, 56, 22, 29, 3, 6
2021/11/11, 92, 51, 18, 29, 3, 6
2021/11/12, 94, 62, 34, 30, 3, 6
2021/11/13, 125, 65, 36, 28, 3, 6
2021/11/14, 141, 63, 60, 29, 2, 6
2021/11/15, 138, 56, 55, 20, 2, 5
2021/11/16, 122, 49, 40, 14, 1, 6
2021/11/17, 105, 34, 21, 10, 1, 5
2021/11/18, 70, 44, 40, 13, 1, 5
2021/11/19, 77, 41, 42, 13, 1, 5
2021/11/20, 78, 40, 32, 18, 1, 6
2021/11/21, 88, 63, 20, 12, 2, 6
2021/11/22, 91, 59, 15, 21, 3, 7
2021/11/23, 76, 64, 22, 29, 3, 6
2021/11/24, 107, 66, 17, 34, 3, 5
2021/11/25, 112, 68, 34, 34, 3, 7
2021/11/26, 148, 39, 36, 11, 2, 4
2021/11/27, 62, 26, 28, 12, 1, 3
2021/11/28, 30, 28, 21, 20, 1, 4
2021/11/29, 50, 45, 22, 15, 2, 6
2021/11/30, 106, 36, 19, 14, 2, 4
2021/12/1, 66, 38, 15, 24, 3, 4
2021/12/2, 75, 64, 16, 33, 4, 6
2021/12/3, 127, 50, 24, 27, 2, 5
2021/12/4, 100, 32, 33, 22, 2, 4
2021/12/5, 68, 33, 28, 22, 2, 4
2021/12/6, 70, 45, 46, 26, 2, 6
2021/12/7, 112, 48, 35, 24, 2, 6
2021/12/8, 102, 51, 25, 34, 2, 6
2021/12/9, 97, 78, 42, 29, 3, 11
2021/12/10, 165, 57, 39, 24, 2, 7
2021/12/11, 140, 47, 27, 13, 2, 6
2021/12/12, 118, 36, 23, 16, 2, 4
2021/12/13, 58, 51, 16, 30, 2, 7
2021/12/14, 99, 43, 20, 27, 2, 8
2021/12/15, 119, 31, 26, 20, 1, 7
2021/12/16, 91, 65, 26, 14, 1, 6
2021/12/17, 99, 41, 18, 21, 2, 6
2021/12/18, 70, 63, 14, 34, 3, 9
2021/12/19, 135, 61, 32, 37, 3, 8
2021/12/20, 123, 81, 5, 49, 3, 11
2021/12/21, 162, 57, 40, 29, 2, 9
2021/12/22, 147, 27, 28, 27, 2, 6
2021/12/23, 52, 27, 30, 20, 1, 7
2021/12/24, 61, 25, 27, 7, 1, 12
2021/12/25, 43, 27, 19, 13, 2, 4
2021/12/26, 68, 39, 13, 22, 4, 6
2021/12/27, 83, 54, 6, 32, 3, 6
2021/12/28, 125, 62, 20, 30, 4, 6
2021/12/29, 142, 71, 12, 35, 5, 9
2021/12/30, 162, 46, 32, 21, 3, 7
2021/12/31, 111, 30, 24, 16, 2, 6
2022/1/1, 58, 60, 36, 25, 3, 11
2022/1/2, 146, 63, 35, 28, 2, 11
2021/7/1, 68, 20, 20, 8, , 4
2021/7/2, 66, 27, 35, 11, , 5
2021/7/3, 77, 22, 33, 8, , 5
2021/7/4, 68, 26, 51, 7, 3, 4
2021/7/5, 65, 20, 34, 6, 3, 3
2021/7/6, 47, 32, 69, 10, 3, 4
2021/7/7, 76, 27, 48, 12, 3, 5
2021/7/8, 75, 19, 54, 9, 3, 4
2021/7/9, 51, 16, 42, 9, 3, 4
2021/7/10, 45, 39, 77, 12, 3, 5
2021/7/11, 98, 39, 81, 9, 3, 4
2021/7/12, 85, 33, 54, 7, 3, 4
2021/7/13, 69, 21, 47, 6, 3, 3
2021/7/14, 50, 20, 34, 6, 3, 4
2021/7/15, 41, 15, 20, 5, 3, 4
2021/7/16, 34, 15, 33, 3, 3, 4
2021/7/17, 43, 19, 36, 2, 3, 4
2021/7/18, 57, 15, 20, 2, , 4
2021/7/19, 40, 20, 16, 5, 3, 4
2021/7/20, 40, 22, 29, 5, 3, 3
2021/7/21, 42, 30, 29, 3, 3, 2
2021/7/22, 42, 28, 22, 2, 3, 2
2021/7/23, 40, 17, 16, 1, , 2
2021/7/24, 30, 15, 34, 1, 2, 2
2021/7/25, 26, 12, 32, 2, 2, 3
2021/7/26, 18, 16, 28, 2, 2, 3
2021/7/27, 28, 20, 19, 2, 2, 3
2021/7/28, 34, 27, 49, 6, 2, 4
2021/7/29, 59, 34, 79, 10, 3, 6
2021/7/30, 85, 36, 39, 7, , 5
2021/7/31, 94, 20, 28, 7, , 4
2021/8/1, 57, 19, 22, 5, 3, 4
2021/8/2, 42, 18, 19, 5, 3, 4
2021/8/3, 33, 19, 21, 1, 3, 3
2021/8/4, 32, 17, 14, 2, 3, 4
2021/8/5, 28, 19, 18, 3, 3, 4
2021/8/6, 36, 20, 29, 4, 3, 4
2021/8/7, 48, 23, 34, 4, 3, 4
2021/8/8, 36, 32, 64, 6, 3, 5
2021/8/9, 69, 20, 37, 4, 3, 5
2021/8/10, 53, 16, 30, 10, 3, 5
2021/8/11, 49, 13, 25, 10, 3, 3
2021/8/12, 38, 12, 31, 8, 3, 3
2021/8/13, 24, 9, 42, 4, , 4
2021/8/14, 23, 10, 35, 8, 3, 4
2021/8/15, 30, 16, 27, 12, , 4
2021/8/16, 50, 15, 34, 11, , 4
2021/8/17, 41, 32, 35, 10, 3, 4
2021/8/18, 57, 23, 51, 4, 3, 4
2021/8/19, 55, 24, 53, 5, 3, 4
2021/8/20, 57, 33, 49, 9, 3, 5
2021/8/21, 80, 24, 49, 6, 3, 5
2021/8/22, 65, 26, 57, 6, 3, 4
2021/8/23, 48, 38, 37, 11, 3, 6
2021/8/24, 87, 36, 68, 16, 3, 7
2021/8/25, 74, 40, 65, 12, 3, 5
2021/8/26, 66, 26, 46, 9, 3, 4
2021/8/27, 58, 31, 53, 9, 3, 4
2021/8/28, 56, 23, 38, 6, 3, 4
2021/8/29, 44, 20, 34, 5, 3, 4
2021/8/30, 36, 26, 37, 6, 3, 4
2021/8/31, 41, 33, 59, 9, 3, 5
2021/9/1, 64, 32, 39, 12, 3, 6
2021/9/2, 87, 23, 33, 14, 3, 7
2021/9/3, 61, 15, 34, 5, 3, 5
2021/9/4, 42, 20, 35, 5, 3, 5
2021/9/5, 47, 41, 55, 9, 3, 8
2021/9/6, 103, 32, 41, 9, 3, 8
2021/9/7, 84, 16, 41, 4, 3, 5
2021/9/8, 35, 18, 43, 4, 3, 4
2021/9/9, 43, 15, 31, 6, 3, 4
2021/9/10, 34, 13, 23, 7, , 3
2021/9/11, 33, 8, 18, 4, , 3
2021/9/12, 17, 11, 18, 1, 2, 3
2021/9/13, 14, 10, 36, 2, , 3
2021/9/14, 16, 13, 32, 5, , 4
2021/9/15, 26, 23, 35, 7, , 4
2021/9/16, 39, 30, 38, 13, 3, 4
2021/9/17, 53, 36, 37, 16, 3, 5
2021/9/18, 62, 30, 56, 4, 3, 4
2021/9/19, 67, 31, 55, 8, 2, 6
2021/9/20, 70, 34, 73, 9, 3, 8
2021/9/21, 85, 50, 72, 17, 3, 7
2021/9/22, 105, 45, 63, 15, 3, 6
2021/9/23, 87, 30, 60, 4, 3, 5
2021/9/24, 78, 21, 46, 4, 3, 4
2021/9/25, 30, 25, 44, 3, 3, 4
2021/9/26, 53, 36, 43, 4, 3, 5
2021/9/27, 69, 38, 45, 8, 3, 5
2021/9/28, 70, 34, 59, 12, 3, 6
2021/9/29, 72, 13, 38, 7, 3, 5
2021/9/30, 22, 26, 47, 14, 3, 5
2021/4/1, 71, 51, 13, 28, 3, 14
2021/4/2, 126, 51, 28, 21, 3, 9
2021/4/3, 134, 36, 40, 8, 2, 3
2021/4/4, 60, 30, 41, 10, 3, 3
2021/4/5, 50, 25, 37, 8, 3, 2
2021/4/6, 52, 32, 38, 15, 3, 3
2021/4/7, 79, 32, 54, 8, 3, 3
2021/4/8, 85, 29, 41, 11, 3, 3
2021/4/9, 63, 38, 42, 12, 3, 3
2021/4/10, 69, 21, 34, 10, 2, 3
2021/4/11, 45, 24, 32, 17, 3, 5
2021/4/12, 73, 45, 45, 14, 3, 6
2021/4/13, 109, 26, 38, 7, 3, 3
2021/4/14, 49, 29, 39, 8, 3, 3
2021/4/15, 43, 42, 62, 14, 3, 4
2021/4/16, 113, 86, 38, 20, 3, 6
2021/4/17, 128, 46, 44, 14, 3, 3
2021/4/18, 51, 35, 51, 9, 3, 4
2021/4/19, 49, 28, 57, 4, 3, 4
2021/4/20, 49, 37, 52, 5, 3, 4
2021/4/21, 58, 35, 37, 8, 2, 4
2021/4/22, 59, 42, 28, 13, 3, 6
2021/4/23, 117, 25, 29, 9, 2, 4
2021/4/24, 69, 32, 30, 15, 3, 4
2021/4/25, 74, 29, 49, 8, 3, 4
2021/4/26, 70, 36, 30, 15, , 5
2021/4/27, 78, 38, 48, 14, 2, 5
2021/4/28, 109, 67, 80, 17, 4, 6
2021/4/29, 134, 63, 78, 13, 3, 5
2021/4/30, 84, 43, 44, 12, 3, 5
2021/5/1, 70, 34, 43, 7, 3, 4
2021/5/2, 63, 40, 54, 5, 3, 4
2021/5/3, 60, 26, 39, 6, , 5
2021/5/4, 59, 57, 63, 13, 3, 6
2021/5/5, 114, 52, 61, 13, 3, 3
2021/5/6, 62, 150, 63, 13, 3, 5
2021/5/7, 112, 97, 95, 14, 3, 5
2021/5/8, 141, 55, 82, 19, 3, 5
2021/5/9, 120, 30, 71, 9, 3, 4
2021/5/10, 68, 32, 29, 17, 3, 5
2021/5/11, 91, 24, 39, 8, , 3
2021/5/12, 68, 18, 37, 7, 2, 4
2021/5/13, 62, 18, 30, 8, 2, 4
2021/5/14, 60, 37, 74, 12, 3, 4
2021/5/15, 94, 21, 42, 11, 3, 5
2021/5/16, 59, 36, 52, 13, 3, 8
2021/5/17, 102, 25, 41, 11, 3, 3
2021/5/18, 62, 12, 50, 4, , 3
2021/5/19, 35, 27, 34, 15, , 6
2021/5/20, 74, 28, 54, 13, 3, 5
2021/5/21, 80, 18, 50, 6, , 4
2021/5/22, 54, 15, 45, 6, 2, 4
2021/5/23, 46, 26, 57, 13, 2, 4
2021/5/24, 68, 63, 101, 17, 3, 6
2021/5/25, 142, 26, 33, 16, 2, 4
2021/5/26, 78, 44, 61, 13, 3, 8
2021/5/27, 118, 45, 48, 12, 3, 6
2021/5/28, 92, 46, 68, 13, 3, 4
2021/5/29, 68, 43, 83, 12, 3, 5
2021/5/30, 98, 30, 44, 8, 3, 4
2021/5/31, 59, 27, 41, 5, 3, 4
2021/6/1, 57, 25, 43, 4, 3, 3
2021/6/2, 50, 38, 41, 15, 2, 5
2021/6/3, 103, 42, 64, 12, 3, 5
2021/6/4, 118, 42, 69, 15, 3, 5
2021/6/5, 107, 37, 80, 13, 3, 5
2021/6/6, 92, 23, 49, 8, 3, 4
2021/6/7, 62, 16, 41, 5, 3, 4
2021/6/8, 52, 18, 19, 6, 3, 3
2021/6/9, 62, 16, 23, 6, 3, 2
2021/6/10, 58, 18, 38, 11, 3, 3
2021/6/11, 57, 20, 33, 10, 3, 
2021/6/12, 66, 32, 23, 11, , 3
2021/6/13, 93, 33, 25, 13, 3, 3
2021/6/14, 97, 35, 40, 13, , 4
2021/6/15, 94, 17, 27, 8, , 4
2021/6/16, 53, 13, 25, 6, 2, 3
2021/6/17, 46, 29, 31, 13, , 5
2021/6/18, 84, 9, 36, 13, 2, 3
2021/6/19, 28, 25, 39, 16, 2, 4
2021/6/20, 73, 39, 66, 14, 3, 4
2021/6/21, 103, 34, 35, 11, 3, 4
2021/6/22, 88, 43, 44, 15, 3, 4
2021/6/23, 101, 36, 43, 10, 3, 4
2021/6/24, 82, 24, 38, 4, , 3
2021/6/25, 60, 10, 30, 3, 3, 4
2021/6/26, 30, 12, 28, 5, 2, 4
2021/6/27, 45, 12, 33, 4, 3, 4
2021/6/28, 41, 19, 36, 4, , 4
2021/6/29, 61, 17, 27, 4, 3, 4
2021/6/30, 56, 22, 26, 6, 3, 4
2021/1/4, 60, 35, 31, 9, 3, 8
2021/1/5, 80, 38, 25, 12, 4, 6
2021/1/6, 82, 69, 19, 11, 5, 5
2021/1/7, 75, 48, 18, 16, 5, 7
2021/1/8, 71, 61, 16, 28, 7, 10
2021/1/9, 103, 62, 15, 28, 7, 9
2021/1/10, 133, 61, 17, 30, 7, 8
2021/1/11, 133, 94, 21, 29, 6, 6
2021/1/12, 110, 75, 26, 32, 6, 6
2021/1/13, 115, 65, 1, 33, 5, 6
2021/1/14, 128, 59, 26, 21, 5, 8
2021/1/15, 105, 60, 27, 9, 3, 5
2021/1/16, 83, 57, 25, 15, 4, 5
2021/1/17, 91, 79, 23, 32, 6, 7
2021/1/18, 143, 55, 28, 25, 4, 6
2021/1/19, 104, 24, 32, 7, , 4
2021/1/20, 43, 38, 18, 19, 3, 5
2021/1/21, 70, 27, 24, 12, 3, 7
2021/1/22, 80, 47, 27, 15, 3, 7
2021/1/23, 120, 52, 27, 14, 3, 8
2021/1/24, 135, 25, 1, 22, 4, 5
2021/1/25, 66, 23, 1, 25, 4, 9
2021/1/26, 75, 48, , 12, 4, 6
2021/1/27, 122, 68, 29, 17, 4, 7
2021/1/28, 130, 58, 27, 15, 4, 5
2021/1/29, 51, 49, 27, 17, 5, 5
2021/1/30, 67, 31, 21, 20, 4, 5
2021/1/31, 57, 51, 6, 35, 4, 12
2021/2/1, 133, 58, 32, 12, 4, 8
2021/2/2, 94, 58, 27, 11, 3, 4
2021/2/3, 72, 56, 35, 13, 4, 5
2021/2/4, 115, 33, 30, 15, 4, 4
2021/2/5, 80, 55, 31, 21, 4, 7
2021/2/6, 151, 58, 1, 26, 5, 8
2021/2/7, 157, 24, 32, 6, 4, 4
2021/2/8, 62, 18, 32, 6, 3, 3
2021/2/9, 39, 18, 30, 9, 3, 4
2021/2/10, 49, 18, 29, 12, 3, 4
2021/2/11, 51, 25, 30, 8, 3, 5
2021/2/12, 66, 31, 42, 12, 4, 5
2021/2/13, 81, 32, 26, 15, 3, 5
2021/2/14, 112, 39, 31, 7, 3, 6
2021/2/15, 102, 34, 35, 10, 3, 4
2021/2/16, 74, 33, 34, 5, 4, 2
2021/2/17, 59, 32, 31, 13, 5, 4
2021/2/18, 65, 36, 4, 20, 5, 4
2021/2/19, 93, 40, 28, 15, 4, 4
2021/2/20, 95, 38, 49, 18, 4, 3
2021/2/21, 80, 54, 38, 18, 4, 5
2021/2/22, 113, 31, 33, 5, 3, 2
2021/2/23, 38, 31, 32, 9, 3, 3
2021/2/24, 41, 41, 36, 12, 3, 4
2021/2/25, 72, 18, 34, 7, 3, 3
2021/2/26, 49, 24, 31, 7, 3, 3
2021/2/27, 48, 19, 29, 12, 3, 3
2021/2/28, 48, 6, , 18, 3, 5
2021/3/1, 72, 38, , 7, 3, 4
2021/3/2, 63, 40, , 12, 3, 3
2021/3/3, 45, 29, 29, 18, 3, 5
2021/3/4, 78, 14, 34, 6, 3, 3
2021/3/5, 50, 30, 34, 8, 3, 4
2021/3/6, 69, 29, 30, 10, 3, 4
2021/3/7, 60, 26, 38, 8, 3, 4
2021/3/8, 65, 23, 29, 11, 3, 4
2021/3/9, 66, 37, , 12, 3, 5
2021/3/10, 88, 40, , 15, 2, 5
2021/3/11, 117, 48, , 21, 3, 6
2021/3/12, 109, 54, 48, 17, 3, 4
2021/3/13, 121, 66, 29, 8, 2, 4
2021/3/14, 116, 40, 59, 13, 3, 3
2021/3/15, 90, 40, , 12, 2, 3
2021/3/16, 88, 62, 34, 7, , 2
2021/3/17, 58, 59, 32, 9, , 2
2021/3/18, 60, 39, 29, 17, 2, 2
2021/3/19, 68, 31, 30, 19, 2, 3
2021/3/20, 86, 67, 35, 11, 3, 4
2021/3/21, 129, 52, 34, 19, 4, 3
2021/3/22, 87, 53, 57, 22, 3, 3
2021/3/23, 121, 29, 33, 16, 3, 2
2021/3/24, 60, 57, 54, 25, 4, 3
2021/3/25, 113, 32, 40, 11, 3, 2
2021/3/26, 76, 30, 25, 16, 3, 5
2021/3/27, 79, 61, 64, 19, 3, 6
2021/3/28, 154, 52, 46, 19, 3, 6
2021/3/29, 137, 216, 40, 10, 2, 4
2021/3/30, 133, 107, 36, 12, 2, 3
2021/3/31, 108, 29, 32, 10, 2, 4
2020/10/1, 87, 25, 59, 3, 2, 5
2020/10/2, 70, 20, 34, 4, 2, 4
2020/10/3, 52, 21, 38, 6, 2, 5
2020/10/4, 49, 28, 30, 6, 2, 4
2020/10/5, 42, 26, 33, 6, 2, 5
2020/10/6, 43, 24, 42, 4, 2, 4
2020/10/7, 35, 25, 42, 4, , 4
2020/10/8, 45, 26, 39, 7, , 4
2020/10/9, 45, 29, 39, 9, 2, 4
2020/10/10, 45, 31, 40, 12, 2, 4
2020/10/11, 59, 31, 42, 11, , 4
2020/10/12, 63, 34, 39, 8, 2, 4
2020/10/13, 67, 33, 44, 4, 2, 4
2020/10/14, 42, 28, 38, 4, 2, 4
2020/10/15, 47, 16, 30, 10, 2, 4
2020/10/16, 45, 26, 38, 13, 2, 5
2020/10/17, 72, 27, 40, 9, 2, 5
2020/10/18, 64, 22, 36, 8, , 4
2020/10/19, 48, 34, 51, 10, 2, 5
2020/10/20, 63, 50, 15, 29, 2, 7
2020/10/21, 111, 72, 41, 19, 2, 9
2020/10/22, 149, 76, 38, 13, 2, 5
2020/10/23, 77, 39, 34, 12, 2, 5
2020/10/24, 51, 25, 37, 8, 2, 4
2020/10/25, 49, 21, 40, 8, 2, 4
2020/10/26, 58, 31, 38, 10, 2, 5
2020/10/27, 81, 30, 41, 8, , 4
2020/10/28, 71, 30, 36, 6, , 5
2020/10/29, 56, 31, 35, 15, 2, 5
2020/10/30, 55, 35, 36, 16, 2, 5
2020/10/31, 64, 38, 37, 13, 2, 5
2020/11/1, 91, 61, 48, 11, 2, 7
2020/11/2, 134, 47, 33, 13, 2, 5
2020/11/3, 77, 35, 34, 15, 2, 4
2020/11/4, 46, 22, 37, 8, 2, 3
2020/11/5, 45, 37, 40, 18, 2, 5
2020/11/6, 81, 72, 54, 37, 5, 9
2020/11/7, 167, 86, 43, 24, 3, 6
2020/11/8, 136, 56, 37, 9, 2, 4
2020/11/9, 61, 46, 39, 21, 3, 5
2020/11/10, 62, 31, 39, 18, 3, 4
2020/11/11, 42, 31, 42, 18, 2, 4
2020/11/12, 52, 23, 41, 11, 2, 4
2020/11/13, 43, 40, 52, 15, 2, 5
2020/11/14, 72, 38, 41, 20, 2, 5
2020/11/15, 85, 28, 33, 13, 2, 5
2020/11/16, 64, 18, 26, 6, 2, 3
2020/11/17, 34, 26, 30, 6, 2, 3
2020/11/18, 40, 43, 25, 18, 3, 8
2020/11/19, 101, 36, 32, 11, 2, 6
2020/11/20, 97, 24, 31, 6, , 4
2020/11/21, 33, 14, 26, 10, , 4
2020/11/22, 35, 26, 28, 9, 2, 4
2020/11/23, 61, 16, 21, 9, 2, 3
2020/11/24, 53, 9, 25, 8, 2, 4
2020/11/25, 31, 15, 28, 17, 2, 7
2020/11/26, 50, 26, 28, 12, 2, 5
2020/11/27, 74, 29, 28, 9, 2, 4
2020/11/28, 69, 28, 29, 12, 2, 4
2020/11/29, 76, 50, 36, 13, 3, 6
2020/11/30, 138, 32, 31, 10, 2, 4
2020/12/1, 85, 22, 27, 10, 2, 4
2020/12/2, 38, 41, 23, 15, 2, 6
2020/12/3, 109, 31, 24, 15, 3, 5
2020/12/4, 75, 28, 31, 19, 3, 5
2020/12/5, 66, 39, 28, 25, 3, 5
2020/12/6, 71, 33, 33, 15, 3, 5
2020/12/7, 86, 45, 35, 11, 3, 6
2020/12/8, 112, 29, 30, 18, 3, 5
2020/12/9, 57, 55, 8, 31, 4, 7
2020/12/10, 125, 62, 11, 23, 3, 9
2020/12/11, 156, 98, 31, 29, 5, 13
2020/12/12, 194, 91, 41, 29, 5, 13
2020/12/13, 183, 18, 23, 9, 2, 5
2020/12/14, 46, 23, 25, 11, 3, 4
2020/12/15, 55, 44, 25, 19, 5, 5
2020/12/16, 106, 33, 33, 16, 3, 4
2020/12/17, 82, 37, 26, 18, 4, 5
2020/12/18, 104, 37, 31, 16, 4, 5
2020/12/19, 93, 21, 29, 14, 3, 3
2020/12/20, 39, 42, 29, 29, 4, 5
2020/12/21, 101, 55, 30, 37, 5, 6
2020/12/22, 141, 47, 25, 26, 3, 6
2020/12/23, 125, 70, 37, 30, 4, 9
2020/12/24, 145, 67, 36, 27, 4, 6
2020/12/25, 91, 25, 28, 15, 3, 5
2020/12/26, 49, 45, 11, 29, 5, 8
2020/12/27, 116, 53, 27, 29, 3, 8
2020/12/28, 131, 22, 21, 24, 3, 5
2020/12/29, 55, 41, 23, 9, 4, 7
2020/12/30, 52, 52, 19, 18, 6, 10
2020/12/31, 77, 54, 19, 27, 5, 10
2021/1/1, 109, 54, 23, 27, 5, 10
2021/1/2, 130, 47, 24, 24, 4, 8
2021/1/3, 107, 33, 26, 17, 3, 7
2020/7/1, 55, 13, 43, 4, 2, 4
2020/7/2, 42, 14, 38, 7, 2, 4
2020/7/3, 42, 11, 40, 6, 2, 4
2020/7/4, 40, 20, 33, 8, 2, 4
2020/7/5, 67, 23, 23, 13, 2, 5
2020/7/6, 70, 26, 59, 11, 2, 5
2020/7/7, 77, 18, 40, 10, 2, 4
2020/7/8, 56, 12, 27, 8, 2, 4
2020/7/9, 48, 14, 36, 6, , 4
2020/7/10, 42, 22, 30, 10, 2, 4
2020/7/11, 68, 36, 80, 9, 2, 4
2020/7/12, 76, 35, 30, 14, 2, 7
2020/7/13, 83, 30, 30, 11, 2, 7
2020/7/14, 92, 11, 39, 6, 2, 4
2020/7/15, 38, 14, 39, 6, 2, 4
2020/7/16, 46, 12, 32, 5, 2, 4
2020/7/17, 38, 33, 70, 8, 2, 5
2020/7/18, 88, 37, 77, 9, 2, 5
2020/7/19, 78, 21, 35, 8, 2, 7
2020/7/20, 61, 43, 81, 9, 2, 6
2020/7/21, 102, 37, 65, 13, 2, 5
2020/7/22, 87, 36, 70, 13, 3, 6
2020/7/23, 63, 31, 44, 12, 2, 7
2020/7/24, 77, 46, 102, 12, 3, 7
2020/7/25, 121, 44, 80, 8, 2, 6
2020/7/26, 121, 33, 42, 9, 3, 6
2020/7/27, 86, 33, 48, 11, 2, 5
2020/7/28, 80, 18, 42, 7, 2, 4
2020/7/29, 38, 17, 27, 5, 2, 4
2020/7/30, 36, 20, 19, 6, 2, 4
2020/7/31, 43, 19, 39, 6, 2, 4
2020/8/1, 39, 21, 41, 6, 2, 4
2020/8/2, 47, 18, 20, 5, 2, 4
2020/8/3, 38, 21, 23, 4, 2, 3
2020/8/4, 35, 14, 26, 6, 2, 3
2020/8/5, 43, 24, 67, 9, 2, 4
2020/8/6, 65, 35, 70, 12, 2, 5
2020/8/7, 84, 32, 58, 10, 2, 5
2020/8/8, 73, 27, 58, 7, 2, 4
2020/8/9, 65, 30, 65, 9, 2, 5
2020/8/10, 64, 25, 43, 8, 2, 4
2020/8/11, 56, 25, 53, 9, 2, 4
2020/8/12, 53, 29, 72, 9, 2, 4
2020/8/13, 66, 38, 99, 12, 3, 5
2020/8/14, 87, 19, 53, 7, 2, 4
2020/8/15, 47, 24, 57, 7, 2, 4
2020/8/16, 59, 37, 37, 6, 2, 4
2020/8/17, 82, 33, 32, 6, 2, 4
2020/8/18, 84, 31, 36, 7, 2, 4
2020/8/19, 82, 28, 46, 6, 2, 4
2020/8/20, 73, 27, 32, 5, 2, 4
2020/8/21, 79, 25, 28, 5, 2, 4
2020/8/22, 74, 30, 28, 5, 2, 4
2020/8/23, 86, 26, 17, 7, 2, 4
2020/8/24, 70, 23, 21, 6, 2, 4
2020/8/25, 44, 34, 44, 9, 2, 6
2020/8/26, 70, 44, 80, 9, 2, 8
2020/8/27, 117, 16, 37, 7, 2, 6
2020/8/28, 50, 24, 37, 7, , 7
2020/8/29, 72, 29, 26, 3, , 6
2020/8/30, 82, 20, 23, 2, 2, 6
2020/8/31, 56, 27, 29, 2, 2, 5
2020/9/1, 62, 21, 26, 6, 2, 6
2020/9/2, 55, 50, 100, 9, 3, 9
2020/9/3, 112, 51, 99, 8, 2, 9
2020/9/4, 122, 31, 54, 6, 2, 7
2020/9/5, 69, 35, 51, 8, 2, 7
2020/9/6, 70, 69, 114, 14, 4, 11
2020/9/7, 144, 53, 89, 19, 2, 9
2020/9/8, 116, 27, 63, 7, 2, 7
2020/9/9, 67, 28, 49, 6, 2, 5
2020/9/10, 75, 21, 40, 7, 2, 5
2020/9/11, 64, 30, 40, 12, 2, 7
2020/9/12, 84, 23, 45, 15, 2, 6
2020/9/13, 61, 18, 38, 10, 2, 6
2020/9/14, 56, 24, 27, 14, 2, 6
2020/9/15, 74, 44, 27, 17, 2, 10
2020/9/16, 122, 17, 43, 7, 2, 7
2020/9/17, 57, 24, 29, 18, 2, 7
2020/9/18, 69, 64, 17, 23, 2, 11
2020/9/19, 161, 33, 47, 13, 2, 7
2020/9/20, 75, 26, 37, 10, 2, 6
2020/9/21, 60, 28, 41, 11, 2, 5
2020/9/22, 55, 20, 25, 12, , 4
2020/9/23, 50, 28, 31, 16, 2, 5
2020/9/24, 69, 23, 33, 14, 2, 4
2020/9/25, 51, 27, 29, 14, 2, 4
2020/9/26, 51, 23, 33, 8, 2, 4
2020/9/27, 48, 25, 33, 10, 2, 3
2020/9/28, 48, 24, 37, 7, 2, 4
2020/9/29, 47, 28, 40, 9, 2, 4
2020/9/30, 55, 38, 54, 8, 2, 5
2020/4/1, 90, 40, 49, 9, 2, 3
2020/4/2, 59, 40, 50, 9, 3, 4
2020/4/3, 75, 56, 74, 22, 3, 5
2020/4/4, 120, 32, 49, 6, 2, 3
2020/4/5, 43, 34, 43, 9, 2, 3
2020/4/6, 55, 40, 40, 21, 3, 3
2020/4/7, 70, 39, 56, 23, 3, 4
2020/4/8, 89, 39, 48, 9, 2, 4
2020/4/9, 92, 30, 53, 8, 2, 4
2020/4/10, 67, 23, 42, 8, 2, 4
2020/4/11, 64, 50, 53, 12, 3, 6
2020/4/12, 129, 56, 56, 18, 3, 6
2020/4/13, 131, 55, 73, 22, 3, 6
2020/4/14, 136, 53, 74, 15, 3, 6
2020/4/15, 131, 46, 74, 12, 3, 5
2020/4/16, 97, 62, 51, 25, 3, 6
2020/4/17, 120, 49, 64, 16, 2, 7
2020/4/18, 106, 31, 54, 9, 2, 7
2020/4/19, 88, 46, 75, 16, 3, 7
2020/4/20, 128, 30, 42, 11, 2, 4
2020/4/21, 64, 37, 52, 17, 2, 4
2020/4/22, 59, 39, 51, 9, 2, 4
2020/4/23, 62, 52, 68, 17, 4, 5
2020/4/24, 102, 53, 84, 15, 4, 6
2020/4/25, 107, 51, 54, 9, 2, 6
2020/4/26, 89, 27, 47, 8, 2, 4
2020/4/27, 60, 29, 46, 18, 3, 4
2020/4/28, 65, 31, 63, 9, 2, 4
2020/4/29, 61, 42, 93, 11, 4, 5
2020/4/30, 84, , , , , 
2020/6/13, 84, 41, 47, 15, 3, 6
2020/6/14, 103, 33, 32, 14, 2, 4
2020/6/15, 87, 20, 46, 10, 2, 3
2020/6/16, 68, 33, 50, 7, 2, 4
2020/6/17, 91, 32, 51, 12, 2, 6
2020/6/18, 87, 23, 60, 6, 2, 5
2020/6/19, 71, 34, 50, 6, 2, 5
2020/6/20, 97, 9, 39, 5, , 4
2020/6/21, 36, 15, 38, 5, 2, 4
2020/6/22, 49, 17, 37, 7, 2, 4
2020/6/23, 54, 24, 38, 12, 2, 5
2020/6/24, 72, 28, 40, 10, 2, 6
2020/6/25, 84, 32, 46, 6, 2, 5
2020/6/26, 94, 23, 26, 8, 2, 4
2020/6/27, 72, 20, 35, 7, 2, 4
2020/6/28, 67, 29, 33, 7, 2, 4
2020/6/29, 84, 22, 76, 9, 2, 5
2020/6/30, 66, 16, 56, 6, 2, 4
2020/1/1, 52, 30, 25, 13, 2, 5
2020/1/2, 60, 47, 20, 22, 2, 7
2020/1/3, 102, 40, 29, 11, 2, 7
2020/1/4, 113, 37, 31, 11, 2, 6
2020/1/5, 97, 24, 35, 10, 2, 6
2020/1/6, 62, 23, 18, 15, 2, 9
2020/1/7, 69, 40, 18, 15, 2, 10
2020/1/8, 109, 31, 26, 13, 2, 7
2020/1/9, 86, 15, 27, 5, 2, 5
2020/1/10, 45, 24, 28, 10, , 6
2020/1/11, 68, 72, 20, 18, 3, 12
2020/1/12, 168, 75, 35, 15, 3, 11
2020/1/13, 171, 77, 26, 21, 3, 11
2020/1/14, 165, 33, 32, 14, 2, 6
2020/1/15, 93, 10, 30, 6, 2, 4
2020/1/16, 29, 34, 22, 14, 2, 6
2020/1/17, 95, 59, 23, 16, 2, 9
2020/1/18, 155, 67, 26, 21, 3, 9
2020/1/19, 163, 87, 41, 23, 4, 11
2020/1/20, 184, 70, 48, 17, 3, 9
2020/1/21, 167, 60, 34, 24, 2, 10
2020/1/22, 157, 31, 36, 13, 2, 7
2020/1/23, 91, 45, 42, 8, 2, 6
2020/1/24, 106, 14, 30, 7, 2, 5
2020/1/25, 36, 23, 33, 6, 2, 6
2020/1/26, 60, 18, 33, 6, 2, 6
2020/1/27, 60, 64, 29, 10, 2, 10
2020/1/28, 153, 58, 44, 7, 2, 8
2020/1/29, 154, 60, 42, 8, 3, 10
2020/1/30, 155, 41, 36, 9, 3, 8
2020/1/31, 110, 25, 42, 8, 2, 5
2020/2/1, 77, 38, 44, 9, 2, 6
2020/2/2, 109, 51, 24, 11, 2, 7
2020/2/3, 136, 18, 33, 7, 2, 4
2020/2/4, 56, 28, 41, 7, 2, 5
2020/2/5, 74, 20, 39, 5, , 4
2020/2/6, 49, 21, 38, 4, , 5
2020/2/7, 62, 34, 38, 6, , 6
2020/2/8, 99, 62, 43, 9, 2, 8
2020/2/9, 158, 42, 48, 7, 2, 7
2020/2/10, 117, 29, 45, 5, 2, 6
2020/2/11, 83, 37, 22, 13, 2, 9
2020/2/12, 105, 45, 36, 8, 2, 8
2020/2/13, 125, 13, 32, 8, 2, 6
2020/2/14, 43, 10, 24, 8, , 7
2020/2/15, 34, 34, 33, 6, 2, 7
2020/2/16, 70, 27, 35, 7, 3, 6
2020/2/17, 58, 21, 37, 12, 2, 7
2020/2/18, 59, 16, 42, 5, 2, 5
2020/2/19, 43, 20, 39, 14, 2, 6
2020/2/20, 60, 28, 40, 10, 2, 6
2020/2/21, 79, 74, 50, 14, 3, 9
2020/2/22, 159, 38, 42, 9, 2, 5
2020/2/23, 70, 54, 58, 8, 2, 6
2020/2/24, 93, 40, 38, 10, 2, 8
2020/2/25, 92, 31, 38, 5, 2, 6
2020/2/26, 73, 39, 41, 5, 2, 6
2020/2/27, 74, 42, 32, 11, 3, 7
2020/2/28, 90, 24, 24, 14, 2, 7
2020/2/29, 74, 16, 36, 8, 2, 6
2020/3/1, 51, 26, 42, 5, 2, 7
2020/3/2, 63, 23, 33, 6, 2, 6
2020/3/3, 56, 29, 38, 5, 2, 6
2020/3/4, 71, 26, 39, 5, 2, 6
2020/3/5, 64, 27, 45, 5, 2, 6
2020/3/6, 61, 40, 43, 10, 2, 6
2020/3/7, 109, 22, 45, 5, 2, 2
2020/3/8, 61, 12, 38, 8, 2, 2
2020/3/9, 41, 27, 40, 9, 2, 3
2020/3/10, 76, 59, 55, 16, 2, 6
2020/3/11, 128, 49, 43, 10, 2, 4
2020/3/12, 115, 22, 39, 7, 2, 3
2020/3/13, 57, 36, 34, 11, 2, 3
2020/3/14, 60, 58, 42, 20, 4, 4
2020/3/15, 113, 32, 38, 7, 2, 2
2020/3/16, 49, 46, 65, 18, 3, 3
2020/3/17, 81, 56, 80, 21, 3, 4
2020/3/18, 126, 61, 38, 14, 3, 3
2020/3/19, 89, 50, 45, 12, 3, 2
2020/3/20, 50, 49, 56, 15, 3, 4
2020/3/21, 81, 39, 42, 8, 2, 4
2020/3/22, 95, 34, 43, 10, 2, 2
2020/3/23, 53, 34, 50, 12, 2, 3
2020/3/24, 82, 32, 43, 8, 2, 3
2020/3/25, 50, 46, 29, 10, 2, 4
2020/3/26, 94, 30, 38, 6, 2, 3
2020/3/27, 56, 21, 34, 6, 2, 3
2020/3/28, 28, 23, 34, 6, 2, 3
2020/3/29, 27, 19, 37, 6, , 3
2020/3/30, 41, 21, 43, 7, 2, 3
2020/3/31, 50, 32, 55, 9, 3, 4
2019/10/1, 38, 14, 18, 7, 1, 5
2019/10/2, 42, 21, 28, 10, 1, 5
2019/10/3, 56, 37, 33, 9, 1, 5
2019/10/4, 99, 34, 45, 8, 1, 6
2019/10/5, 81, 31, 39, 9, 1, 5
2019/10/6, 40, 46, 24, 12, 1, 6
2019/10/7, 94, 45, 24, 15, 1, 9
2019/10/8, 123, 38, 37, 15, 1, 7
2019/10/9, 82, 24, 43, 8, 1, 4
2019/10/10, 36, 35, 35, 12, 1, 6
2019/10/11, 84, 36, 48, 9, , 6
2019/10/12, 79, 33, 45, 9, , 5
2019/10/13, 59, 28, 37, 6, , 5
2019/10/14, 50, 24, 29, 6, , 4
2019/10/15, 30, 28, 33, 9, , 5
2019/10/16, 49, 31, 34, 10, , 5
2019/10/17, 59, 28, 38, 10, , 5
2019/10/18, 54, 39, 48, 10, , 7
2019/10/19, 88, 46, 55, 12, 1, 8
2019/10/20, 105, 37, 41, 12, 1, 7
2019/10/21, 88, 37, 42, 14, 1, 5
2019/10/22, 77, 38, 45, 12, 1, 5
2019/10/23, 86, 34, 40, 10, 1, 4
2019/10/24, 74, 45, 46, 10, 1, 6
2019/10/25, 100, 29, 28, 6, 1, 5
2019/10/26, 62, 33, 28, 10, 1, 5
2019/10/27, 64, 49, 31, 15, 1, 7
2019/10/28, 121, 128, 41, 14, 3, 8
2019/10/29, 145, 126, 45, 14, 2, 5
2019/10/30, 112, 114, 66, 11, 2, 5
2019/10/31, 117, 70, 52, 14, 2, 5
2019/11/1, 104, 94, 78, 19, 2, 8
2019/11/2, 149, 42, 38, 9, 1, 5
2019/11/3, 89, 43, 44, 9, 1, 7
2019/11/4, 85, 25, 39, 12, 1, 4
2019/11/5, 51, 25, 38, 13, 1, 4
2019/11/6, 56, 36, 44, 10, 1, 6
2019/11/7, 84, 28, 34, 7, 1, 4
2019/11/8, 46, 21, 34, 11, 1, 4
2019/11/9, 39, 51, 56, 14, 2, 6
2019/11/10, 110, 74, 30, 17, 3, 7
2019/11/11, 114, 56, 35, 8, 1, 4
2019/11/12, 68, 62, 37, 11, 2, 8
2019/11/13, 118, 65, 32, 7, 1, 4
2019/11/14, 74, 49, 39, 10, 1, 4
2019/11/15, 63, 34, 37, 8, 1, 5
2019/11/16, 57, 42, 37, 11, 1, 7
2019/11/17, 68, 80, 26, 9, 1, 7
2019/11/18, 115, 90, 28, 10, 1, 4
2019/11/19, 81, 65, 29, 12, 1, 4
2019/11/20, 69, 35, 27, 10, 1, 3
2019/11/21, 48, 45, 25, 15, 1, 4
2019/11/22, 70, 35, 24, 13, 1, 4
2019/11/23, 60, 33, 26, 11, , 7
2019/11/24, 82, 29, 23, 6, 1, 4
2019/11/25, 47, 25, 24, 10, 2, 4
2019/11/26, 48, 17, 23, 9, 2, 4
2019/11/27, 49, 32, 22, 8, 2, 4
2019/11/28, 49, 28, 25, 9, 2, 4
2019/11/29, 50, 21, 26, 8, , 4
2019/11/30, 41, 21, 21, 11, , 9
2019/12/1, 66, 59, 22, 16, 3, 9
2019/12/2, 136, 66, 21, 29, 4, 6
2019/12/3, 155, 78, 18, 37, 5, 8
2019/12/4, 173, 45, 32, 20, 3, 3
2019/12/5, 121, 21, 30, 9, 2, 1
2019/12/6, 37, 40, 33, 22, 3, 2
2019/12/7, 92, 61, 31, 26, 4, 4
2019/12/8, 156, 70, 37, 25, 3, 5
2019/12/9, 166, 57, 42, 24, 3, 6
2019/12/10, 139, 82, 37, 26, 4, 10
2019/12/11, 180, 42, 30, 17, 2, 6
2019/12/12, 86, 38, 32, 14, 2, 4
2019/12/13, 74, 53, 32, 18, 2, 6
2019/12/14, 116, 23, 32, 9, 2, 4
2019/12/15, 49, 35, 28, 15, 1, 5
2019/12/16, 79, 59, 9, 20, 1, 8
2019/12/17, 143, 33, 24, 12, 1, 4
2019/12/18, 74, 26, 17, 15, 1, 4
2019/12/19, 68, 34, 28, 14, 2, 6
2019/12/20, 87, 22, 30, 10, 1, 5
2019/12/21, 66, 18, 27, 12, 1, 6
2019/12/22, 45, 26, 31, 14, 1, 6
2019/12/23, 70, 29, 28, 8, , 6
2019/12/24, 73, 25, 18, 14, 1, 6
2019/12/25, 67, 26, 19, 19, , 8
2019/12/26, 79, 58, 18, 23, 2, 9
2019/12/27, 146, 53, 31, 18, 3, 8
2019/12/28, 134, 39, 21, 18, 2, 7
2019/12/29, 90, , , , , 
2019/7/1, 36, 16, 50, 6, 1, 
2019/7/2, 57, 17, 61, 4, 1, 
2019/7/3, 57, , , , , 
2019/8/19, 9, 33, 44, 8, 1, 5
2019/8/20, 66, 38, 62, 9, 1, 5
2019/8/21, 92, 44, 60, 7, 1, 5
2019/8/22, 121, 43, 50, 7, 1, 3
2019/8/23, 119, 30, 25, 7, , 2
2019/8/24, 91, 20, 21, 4, , 
2019/8/25, 67, 26, 44, 6, 1, 3
2019/8/26, 61, 35, 61, 12, 2, 4
2019/8/27, 71, 14, 43, 9, 2, 5
2019/8/28, 37, 20, 36, 11, , 5
2019/8/29, 55, 49, 89, 12, 2, 6
2019/8/30, 133, 40, 60, 13, 2, 4
2019/8/31, 95, 12, 41, 7, 1, 3
2019/9/1, 35, 6, 35, 7, 1, 2
2019/9/2, 15, 10, 21, 12, 1, 4
2019/9/3, 21, 16, 19, 11, 2, 4
2019/9/4, 49, 12, 12, 8, 1, 3
2019/9/5, 27, 10, 13, 6, 1, 3
2019/9/6, 18, 21, 53, 9, 2, 4
2019/9/7, 49, 34, 48, 9, 2, 5
2019/9/8, 89, 32, 36, 12, 2, 5
2019/9/9, 72, 35, 65, 10, 7, 9
2019/9/10, 82, 31, 43, 7, 2, 5
2019/9/11, 79, 23, 42, 8, 2, 5
2019/9/12, 57, 22, 39, 9, 2, 5
2019/9/13, 50, 23, 37, 7, 2, 5
2019/9/14, 48, 19, 41, 8, 2, 6
2019/9/15, 45, 30, 48, 10, 2, 6
2019/9/16, 44, 33, 47, 10, 2, 6
2019/9/17, 60, 32, 48, 8, 2, 6
2019/9/18, 41, 26, 35, 7, 2, 5
2019/9/19, 24, 24, 52, 8, , 
2019/9/20, 38, 13, 40, 6, 1, 
2019/9/21, 28, 15, 35, 6, 1, 6
2019/9/22, 26, 35, 37, 11, 1, 7
2019/9/23, 51, 46, 46, 24, 2, 7
2019/9/24, 73, 45, 66, 19, 1, 6
2019/9/25, 96, 32, 49, 13, 1, 5
2019/9/26, 77, 28, 42, 13, 1, 4
2019/9/27, 69, 38, 36, 13, 1, 5
2019/9/28, 93, 33, 39, 12, 1, 5
2019/9/29, 80, 36, 37, 11, 1, 5
2019/9/30, 87, 14, 14, 6, 1, 4
2019/4/1, 67, 39, 49, 9, 1, 4
2019/4/2, 76, 41, 42, 14, 1, 5
2019/4/3, 109, 31, 41, 7, 1, 4
2019/4/4, 92, 55, 66, 12, 2, 7
2019/4/5, 141, 57, 60, 12, 2, 7
2019/4/6, 140, 71, 93, 15, 2, 8
2019/4/7, 158, 62, 50, 13, 2, 8
2019/4/8, 147, 30, 43, 6, 1, 7
2019/4/9, 83, 19, 36, 7, 1, 5
2019/4/10, 61, 25, 42, 9, 1, 4
2019/4/11, 68, 43, 54, 15, 2, 6
2019/4/12, 121, 24, 50, 5, 1, 
2019/4/13, 67, 45, 43, 10, 2, 6
2019/4/14, 119, 45, 51, 10, 2, 4
2019/4/15, 95, 29, 45, 6, 1, 4
2019/4/16, 57, 27, 46, 6, 1, 5
2019/4/17, 80, 43, 68, 8, 1, 5
2019/4/18, 106, 34, 35, 7, 1, 5
2019/4/19, 93, 21, 37, 4, 1, 
2019/4/20, 58, 22, 27, 7, 1, 5
2019/4/21, 68, 14, 23, 5, 1, 4
2019/4/22, 53, 40, 27, 14, 2, 8
2019/4/23, 102, 62, 26, 20, 1, 9
2019/4/24, 154, 21, 27, 7, 1, 5
2019/4/25, 66, 29, 33, 8, 1, 4
2019/4/26, 63, 19, 45, 5, 2, 
2019/4/27, 49, 22, 36, 10, 1, 5
2019/4/28, 66, 31, 19, 16, 1, 4
2019/4/29, 90, 16, 36, 10, 1, 4
2019/4/30, 56, 61, 58, 21, 2, 7
2019/5/1, 126, 76, 83, 21, 2, 5
2019/5/2, 99, 51, 43, 17, 2, 4
2019/5/3, 93, 48, 54, 17, 2, 5
2019/5/4, 98, 39, 60, 5, 2, 5
2019/5/5, 100, 34, 45, 5, 2, 4
2019/5/6, 65, 41, 54, 10, 2, 3
2019/5/7, 43, 30, 58, 6, 2, 4
2019/5/8, 54, 40, 94, 11, 2, 5
2019/5/9, 88, 31, 73, 5, 2, 
2019/5/10, 81, 37, 80, 9, 2, 6
2019/5/11, 82, 31, 67, 7, 2, 5
2019/5/12, 78, 23, 53, 7, 1, 5
2019/5/13, 65, 19, 48, 6, 1, 5
2019/5/14, 55, 19, 36, 5, 1, 
2019/5/15, 65, 29, 36, 7, 1, 6
2019/5/16, 88, 15, 29, 5, , 5
2019/5/17, 53, 35, 34, 13, 2, 8
2019/5/18, 95, 46, 35, 13, 1, 6
2019/5/19, 128, 54, 44, 9, 2, 5
2019/5/20, 89, 56, 85, 16, 2, 5
2019/5/21, 79, 59, 116, 20, 3, 6
2019/5/22, 108, 67, 133, 23, 3, 8
2019/5/23, 144, 41, 82, 15, 2, 6
2019/5/24, 86, 35, 54, 4, , 6
2019/5/25, 68, 23, 38, 4, 1, 7
2019/5/26, 59, 29, 38, 7, 2, 7
2019/5/27, 77, 23, 47, 6, 1, 4
2019/5/28, 41, 45, 66, 18, 2, 6
2019/5/29, 72, 29, 74, 11, 2, 5
2019/5/30, 72, 41, 65, 9, 1, 7
2019/5/31, 114, 26, 66, 6, 1, 5
2019/6/1, 78, 17, 79, 4, 1, 5
2019/6/2, 55, 24, 56, 4, 1, 5
2019/6/3, 74, 26, 60, 4, 1, 5
2019/6/4, 77, 32, 54, 4, 1, 6
2019/6/5, 87, 27, 33, 5, 1, 4
2019/6/6, 69, 20, 43, 6, 1, 4
2019/6/7, 56, 22, 53, 3, 1, 4
2019/6/8, 65, 22, 45, 2, 1, 
2019/6/9, 64, 29, 53, 6, 1, 5
2019/6/10, 80, 27, 43, 7, 1, 4
2019/6/11, 75, 19, 47, 2, 1, 
2019/6/12, 57, 19, 46, 2, 1, 4
2019/6/13, 60, 14, 48, 3, 1, 3
2019/6/14, 45, 50, 114, 16, 2, 6
2019/6/15, 127, 66, 106, 7, 2, 6
2019/6/16, 155, 30, 47, 6, 1, 4
2019/6/17, 80, 17, 35, 9, 1, 6
2019/6/18, 54, 21, 37, 8, 1, 7
2019/6/19, 65, 19, 32, 3, 1, 
2019/6/20, 65, 17, 30, 4, 1, 5
2019/6/21, 56, 24, 30, 4, 1, 5
2019/6/22, 75, 30, 37, 8, 1, 5
2019/6/23, 81, 20, 46, 2, 1, 5
2019/6/24, 61, 15, 36, 2, , 
2019/6/25, 42, 20, 27, 6, 1, 4
2019/6/26, 66, 26, 42, 5, 1, 3
2019/6/27, 80, 33, 57, 6, 1, 3
2019/6/28, 94, 35, 33, 13, 2, 6
2019/6/29, 102, 12, 40, 6, 1, 4
2019/6/30, 40, 12, 42, 5, 1, 3
2019/1/1, 72, 50, 28, 14, 3, 8
2019/1/2, 139, 39, 29, 14, 2, 6
2019/1/3, 109, 15, 28, 16, 1, 4
2019/1/4, 53, 30, 22, 19, 1, 7
2019/1/5, 83, 27, 26, 15, 1, 4
2019/1/6, 72, 23, 29, 15, 1, 5
2019/1/7, 69, 43, 33, 16, 3, 8
2019/1/8, 115, 21, 24, 14, 2, 4
2019/1/9, 63, 11, 24, 12, 1, 3
2019/1/10, 44, 11, 20, 15, 1, 5
2019/1/11, 43, 35, 9, 20, 2, 10
2019/1/12, 102, 57, 24, 18, 2, 9
2019/1/13, 159, 57, 36, 19, 2, 8
2019/1/14, 141, 74, 39, 15, 2, 10
2019/1/15, 166, 42, 25, 13, 2, 4
2019/1/16, 70, 80, 28, 27, 4, 9
2019/1/17, 163, 65, 37, 22, 3, 8
2019/1/18, 159, 60, 27, 24, 2, 9
2019/1/19, 141, 69, 31, 19, 2, 9
2019/1/20, 146, 49, 22, 22, 4, 7
2019/1/21, 111, 72, 27, 27, 4, 9
2019/1/22, 163, 76, 34, 30, 4, 9
2019/1/23, 168, 78, 46, 30, 3, 9
2019/1/24, 172, 29, 33, 20, 2, 5
2019/1/25, 76, 27, 27, 14, 2, 4
2019/1/26, 48, 25, 32, 19, 2, 5
2019/1/27, 53, 46, 20, 21, 2, 8
2019/1/28, 115, 53, 31, 18, 1, 7
2019/1/29, 112, 35, 23, 18, 1, 3
2019/1/30, 73, 19, 33, 11, 1, 3
2019/1/31, 40, 57, 35, 13, 1, 6
2019/2/1, 135, 54, 38, 9, 1, 6
2019/2/2, 129, 55, 23, 12, 1, 12
2019/2/3, 132, 91, 36, 11, 2, 8
2019/2/4, 143, 54, 37, 9, , 3
2019/2/5, 62, 44, 37, 10, 1, 5
2019/2/6, 106, 32, 32, 8, , 5
2019/2/7, 79, 16, 29, 6, 1, 3
2019/2/8, 39, 15, 31, 6, 1, 4
2019/2/9, 34, 18, 29, 6, 1, 4
2019/2/10, 49, 27, 36, 7, 2, 6
2019/2/11, 83, 22, 37, 8, 1, 5
2019/2/12, 65, 29, 39, 6, 1, 6
2019/2/13, 67, 31, 38, 7, , 6
2019/2/14, 72, 13, 30, 9, , 4
2019/2/15, 46, 42, 32, 8, 2, 6
2019/2/16, 91, 27, 39, 8, 2, 6
2019/2/17, 59, 13, 30, 10, 1, 4
2019/2/18, 44, 23, 13, 18, 2, 8
2019/2/19, 73, 29, 34, 11, 1, 7
2019/2/20, 88, 39, 38, 8, 1, 7
2019/2/21, 108, 30, 30, 11, 1, 6
2019/2/22, 87, 79, 40, 16, 3, 10
2019/2/23, 175, 77, 55, 20, 3, 10
2019/2/24, 172, 52, 42, 15, 2, 9
2019/2/25, 137, 42, 44, 11, 1, 4
2019/2/26, 109, 31, 29, 15, , 3
2019/2/27, 89, 37, 34, 16, 2, 2
2019/2/28, 103, 86, 47, 17, 2, 6
2019/3/1, 185, 58, 45, 14, 1, 5
2019/3/2, 147, 77, 27, 23, 2, 7
2019/3/3, 170, 83, 45, 17, 3, 7
2019/3/4, 182, 65, 47, 14, 1, 5
2019/3/5, 161, 60, 60, 15, 2, 6
2019/3/6, 153, 65, 48, 12, 1, 6
2019/3/7, 133, 30, 44, 13, 2, 2
2019/3/8, 64, 25, 32, 18, 1, 4
2019/3/9, 79, 46, 26, 17, 1, 6
2019/3/10, 123, 66, 45, 20, 3, 6
2019/3/11, 139, 80, 46, 20, 2, 5
2019/3/12, 150, 50, 43, 12, 1, 3
2019/3/13, 60, 19, 37, 12, 1, 3
2019/3/14, 54, 48, 41, 21, 2, 5
2019/3/15, 119, 55, 54, 21, 2, 5
2019/3/16, 106, 65, 67, 24, 5, 7
2019/3/17, 157, 25, 46, 13, 1, 3
2019/3/18, 76, 32, 44, 16, 1, 4
2019/3/19, 87, 32, 46, 14, 1, 6
2019/3/20, 75, 49, 41, 17, 1, 7
2019/3/21, 130, 25, 39, 10, 2, 4
2019/3/22, 56, 30, 45, 16, 2, 4
2019/3/23, 66, 37, 50, 13, 2, 5
2019/3/24, 86, 48, 44, 19, 2, 6
2019/3/25, 130, 50, 44, 21, 2, 6
2019/3/26, 129, 38, 39, 16, 1, 5
2019/3/27, 107, 39, 41, 15, 1, 6
2019/3/28, 109, 41, 46, 9, 1, 5
2019/3/29, 98, 56, 41, 15, 1, 7
2019/3/30, 131, 40, 41, 6, , 4
2019/3/31, 50, 36, 50, 13, 1, 4
2018/10/1, 56, 41, 62, 20, 3, 6
2018/10/2, 73, 33, 62, 18, 2, 5
2018/10/3, 67, 30, 62, 9, 1, 4
2018/10/4, 51, 19, 44, 7, 1, 5
2018/10/5, 42, 41, 51, 12, 2, 6
2018/10/6, 68, 46, 89, 14, 1, 6
2018/10/7, 77, 36, 47, 11, 2, 5
2018/10/8, 54, 43, 40, 20, 2, 7
2018/10/9, 69, 36, 36, 15, 1, 6
2018/10/10, 72, 27, 42, 17, 2, 6
2018/10/11, 50, 34, 44, 20, 2, 6
2018/10/12, 53, 30, 52, 16, 1, 6
2018/10/13, 53, 27, 43, 15, 1, 5
2018/10/14, 50, 24, 51, 17, 1, 5
2018/10/15, 51, 21, 47, 16, , 7
2018/10/16, 62, 42, 66, 24, 2, 7
2018/10/17, 95, 28, 42, 20, 1, 6
2018/10/18, 69, 29, 46, 25, 2, 5
2018/10/19, 47, 24, 45, 26, 1, 4
2018/10/20, 45, 19, 50, 20, 1, 5
2018/10/21, 41, 14, 34, 23, 1, 5
2018/10/22, 49, 43, 55, 24, 1, 6
2018/10/23, 119, 60, 67, 27, 2, 7
2018/10/24, 118, 42, 51, 15, 1, 4
2018/10/25, 66, 55, 46, 20, 2, 7
2018/10/26, 124, , , , , 
2018/10/28, 105, 71, 51, 32, 4, 7
2018/10/29, 137, 34, 53, 19, 2, 5
2018/10/30, 66, 29, 42, 16, 2, 5
2018/10/31, 57, 20, 40, 20, 2, 4
2018/11/1, 43, 20, 42, 18, 2, 4
2018/11/2, 42, 22, 44, 15, 1, 5
2018/11/3, 52, 24, 49, 18, 1, 5
2018/11/4, 66, 26, 45, 16, 1, 5
2018/11/5, 74, 23, 51, 14, 1, 5
2018/11/6, 60, 36, 32, 20, , 7
2018/11/7, 101, 18, 14, 18, 2, 8
2018/11/8, 58, 44, 32, 21, 3, 9
2018/11/9, 129, 37, 46, 19, 2, 7
2018/11/10, 99, 41, 35, 21, 2, 8
2018/11/11, 112, 19, 41, 12, 1, 6
2018/11/12, 54, 34, 40, 21, 2, 5
2018/11/13, 65, 44, 44, 25, 2, 6
2018/11/14, 87, 31, 29, 24, 2, 6
2018/11/15, 63, 24, 35, 22, 1, 7
2018/11/16, 66, 23, 39, 13, 2, 6
2018/11/17, 48, 12, 32, 15, 1, 6
2018/11/18, 40, 52, 27, 27, 4, 10
2018/11/19, 131, 45, 45, 26, 3, 9
2018/11/20, 110, 12, 40, 14, , 5
2018/11/21, 36, 36, 38, 14, 1, 6
2018/11/22, 76, 44, 39, 23, 2, 7
2018/11/23, 100, 48, 33, 24, 2, 7
2018/11/24, 101, 61, 62, 25, 2, 9
2018/11/25, 153, 46, 36, 28, 2, 7
2018/11/26, 111, 42, 27, 26, 1, 8
2018/11/27, 106, 75, 42, 30, 2, 11
2018/11/28, 170, 82, 48, 29, 2, 11
2018/11/29, 174, 69, 48, 17, 2, 7
2018/11/30, 111, 47, 40, 16, 2, 6
2018/12/1, 84, 29, 30, 15, 1, 5
2018/12/2, 75, 38, 22, 19, 1, 8
2018/12/3, 103, 28, 20, 17, 1, 9
2018/12/4, 84, , , , , 
2018/12/11, 61, 56, 23, 17, 3, 11
2018/12/12, 138, 59, 18, 25, 4, 8
2018/12/13, 149, 44, 28, 20, 3, 7
2018/12/14, 110, 20, 24, 13, 2, 3
2018/12/15, 46, 53, 18, 23, 3, 8
2018/12/16, 128, 81, 27, 29, 4, 9
2018/12/17, 174, 81, 34, 31, 4, 9
2018/12/18, 165, 64, 17, 33, 2, 7
2018/12/19, 126, 25, 27, 24, 2, 5
2018/12/20, 64, 36, 17, 25, 1, 5
2018/12/21, 95, 32, 25, 19, , 6
2018/12/22, 95, 39, 35, 18, 2, 7
2018/12/23, 96, 44, 34, 18, 2, 6
2018/12/24, 74, 25, 28, 16, 2, 4
2018/12/25, 54, 10, 34, 14, 1, 5
2018/12/26, 35, 24, 29, 9, , 5
2018/12/27, 50, 35, 24, 11, 2, 6
2018/12/28, 73, 38, 18, 17, 3, 7
2018/12/29, 81, 27, 17, 15, 2, 6
2018/12/30, 72, , , , , 
2018/8/25, 56, 16, 27, 5, , 6
2018/8/26, 39, 21, 24, 3, 1, 6
2018/8/27, 30, 16, 24, 3, 1, 5
2018/8/28, 25, 13, 28, 7, 1, 
2018/8/29, 36, 19, 32, 9, , 6
2018/8/30, 42, 21, 52, 11, 2, 6
2018/8/31, 44, 40, 50, 14, 2, 8
2018/9/1, 94, 39, 61, 11, 2, 8
2018/9/2, 106, 41, 49, 14, 2, 9
2018/9/3, 112, 54, 85, 17, 3, 12
2018/9/4, 112, 44, 88, 14, 2, 10
2018/9/5, 85, 52, 99, 9, 2, 9
2018/9/6, 115, 48, 40, 13, 2, 11
2018/9/7, 127, 29, 36, 8, 2, 7
2018/9/8, 65, 24, 48, 6, 2, 7
2018/9/9, 45, 25, 44, 5, 2, 7
2018/9/10, 46, 28, 37, 5, 2, 6
2018/9/11, 41, 19, 29, 14, 2, 5
2018/9/12, 43, 20, 25, 17, 2, 4
2018/9/13, 45, 20, 35, 14, 2, 3
2018/9/14, 43, 18, 40, 12, 2, 3
2018/9/15, 55, 18, 21, 11, 2, 3
2018/9/16, 44, 14, 18, 14, 2, 3
2018/9/17, 30, 17, 18, 11, 2, 4
2018/9/18, 50, 33, 45, 12, 2, 5
2018/9/19, 75, 38, 30, 19, 2, 6
2018/9/20, 98, 27, 25, 19, 2, 8
2018/9/21, 71, 24, 35, 19, 2, 6
2018/9/22, 57, 51, 63, 17, 3, 8
2018/9/23, 119, 43, 61, 10, 2, 6
2018/9/24, 77, 25, 42, 9, 2, 4
2018/9/25, 32, 23, 47, 9, , 4
2018/9/26, 28, 21, 42, 9, 2, 4
2018/9/27, 33, 24, 41, 10, 2, 4
2018/9/28, 32, 22, 41, 10, 2, 4
2018/9/29, 29, 48, 93, 13, 3, 7
2018/9/30, 84, 45, 46, 16, 4, 6
2024/12/31, , 53, 32, 21, 4, 4
2020/6/12, , 36, 54, 12, 2, 2
2019/12/31, , 26, 25, 15, 2, 4
2019/8/18, , 2, , , , 
2018/12/31, , 24, 25, 11, 1, 6
2018/10/27, , 65, 32, 33, 3, 5
2018/12/10, , 20, 18, 13, 1, 7
2018/8/24, , 20, 29, 3, 1, 6